<?xml version="1.0"?><joacolorbar>  <param>ADRV</param>  <title>global</title>  <description>32 levels covering expected World Ocean range</description>  <numlevels>32</numlevels>  <baselevel>-5.0</baselevel>  <endlevel>0.20000000000000018</endlevel>  <contourvalues>    <value>-5.0</value>    <value>-4.832258064516129</value>    <value>-4.664516129032258</value>    <value>-4.496774193548387</value>    <value>-4.329032258064516</value>    <value>-4.161290322580645</value>    <value>-3.993548387096774</value>    <value>-3.825806451612903</value>    <value>-3.6580645161290324</value>    <value>-3.490322580645161</value>    <value>-3.32258064516129</value>    <value>-3.1548387096774193</value>    <value>-2.987096774193548</value>    <value>-2.8193548387096774</value>    <value>-2.6516129032258062</value>    <value>-2.4838709677419355</value>    <value>-2.3161290322580643</value>    <value>-2.148387096774193</value>    <value>-1.9806451612903224</value>    <value>-1.8129032258064512</value>    <value>-1.6451612903225805</value>    <value>-1.4774193548387093</value>    <value>-1.3096774193548386</value>    <value>-1.1419354838709674</value>    <value>-0.9741935483870963</value>    <value>-0.8064516129032251</value>    <value>-0.6387096774193548</value>    <value>-0.47096774193548363</value>    <value>-0.30322580645161246</value>    <value>-0.13548387096774128</value>    <value>0.032258064516129004</value>    <value>0.20000000000000018</value>  </contourvalues>  <colorvalues>    <cvalue red="16" green="15" blue="218"/>    <cvalue red="31" green="30" blue="220"/>    <cvalue red="46" green="45" blue="222"/>    <cvalue red="61" green="60" blue="225"/>    <cvalue red="76" green="75" blue="227"/>    <cvalue red="91" green="90" blue="229"/>    <cvalue red="106" green="105" blue="232"/>    <cvalue red="121" green="120" blue="234"/>    <cvalue red="135" green="135" blue="236"/>    <cvalue red="150" green="150" blue="238"/>    <cvalue red="165" green="165" blue="241"/>    <cvalue red="180" green="180" blue="243"/>    <cvalue red="195" green="195" blue="245"/>    <cvalue red="210" green="210" blue="248"/>    <cvalue red="225" green="225" blue="250"/>    <cvalue red="240" green="240" blue="252"/>    <cvalue red="252" green="240" blue="240"/>    <cvalue red="250" green="225" blue="225"/>    <cvalue red="248" green="210" blue="210"/>    <cvalue red="245" green="195" blue="195"/>    <cvalue red="243" green="180" blue="180"/>    <cvalue red="241" green="165" blue="165"/>    <cvalue red="238" green="150" blue="150"/>    <cvalue red="236" green="135" blue="135"/>    <cvalue red="234" green="120" blue="120"/>    <cvalue red="232" green="105" blue="105"/>    <cvalue red="229" green="90" blue="90"/>    <cvalue red="227" green="75" blue="75"/>    <cvalue red="225" green="60" blue="60"/>    <cvalue red="222" green="45" blue="45"/>    <cvalue red="220" green="30" blue="30"/>    <cvalue red="218" green="15" blue="15"/>  </colorvalues></joacolorbar>