<?xml version="1.0"?><joacolorbar>  <param>ALPH</param>  <title>global</title>  <description>32 levels covering expected World Ocean range</description>  <numlevels>32</numlevels>  <baselevel>0.07</baselevel>  <endlevel>1.5</endlevel>  <contourvalues>    <value>0.07</value>    <value>0.11612903225806452</value>    <value>0.16225806451612904</value>    <value>0.20838709677419354</value>    <value>0.25451612903225806</value>    <value>0.3006451612903226</value>    <value>0.34677419354838707</value>    <value>0.3929032258064516</value>    <value>0.4390322580645161</value>    <value>0.48516129032258065</value>    <value>0.5312903225806451</value>    <value>0.5774193548387097</value>    <value>0.6235483870967742</value>    <value>0.6696774193548387</value>    <value>0.7158064516129032</value>    <value>0.7619354838709678</value>    <value>0.8080645161290323</value>    <value>0.8541935483870968</value>    <value>0.9003225806451614</value>    <value>0.9464516129032259</value>    <value>0.9925806451612904</value>    <value>1.0387096774193547</value>    <value>1.0848387096774195</value>    <value>1.130967741935484</value>    <value>1.1770967741935483</value>    <value>1.2232258064516128</value>    <value>1.2693548387096774</value>    <value>1.3154838709677419</value>    <value>1.3616129032258064</value>    <value>1.407741935483871</value>    <value>1.4538709677419355</value>    <value>1.5</value>  </contourvalues>  <colorvalues>    <cvalue red="16" green="15" blue="218"/>    <cvalue red="31" green="30" blue="220"/>    <cvalue red="46" green="45" blue="222"/>    <cvalue red="61" green="60" blue="225"/>    <cvalue red="76" green="75" blue="227"/>    <cvalue red="91" green="90" blue="229"/>    <cvalue red="106" green="105" blue="232"/>    <cvalue red="121" green="120" blue="234"/>    <cvalue red="135" green="135" blue="236"/>    <cvalue red="150" green="150" blue="238"/>    <cvalue red="165" green="165" blue="241"/>    <cvalue red="180" green="180" blue="243"/>    <cvalue red="195" green="195" blue="245"/>    <cvalue red="210" green="210" blue="248"/>    <cvalue red="225" green="225" blue="250"/>    <cvalue red="240" green="240" blue="252"/>    <cvalue red="252" green="240" blue="240"/>    <cvalue red="250" green="225" blue="225"/>    <cvalue red="248" green="210" blue="210"/>    <cvalue red="245" green="195" blue="195"/>    <cvalue red="243" green="180" blue="180"/>    <cvalue red="241" green="165" blue="165"/>    <cvalue red="238" green="150" blue="150"/>    <cvalue red="236" green="135" blue="135"/>    <cvalue red="234" green="120" blue="120"/>    <cvalue red="232" green="105" blue="105"/>    <cvalue red="229" green="90" blue="90"/>    <cvalue red="227" green="75" blue="75"/>    <cvalue red="225" green="60" blue="60"/>    <cvalue red="222" green="45" blue="45"/>    <cvalue red="220" green="30" blue="30"/>    <cvalue red="218" green="15" blue="15"/>  </colorvalues></joacolorbar>