<?xml version="1.0"?><joacolorbar>  <param>AOU </param>  <title>global</title>  <description>32 levels covering World Ocean range</description>  <numlevels>32</numlevels>  <baselevel>-35.0</baselevel>  <endlevel>320.0</endlevel>  <contourvalues>    <value>-35.0</value>    <value>-20.0</value>    <value>-5.0</value>    <value>5.0</value>    <value>20.0</value>    <value>34.0</value>    <value>45.0</value>    <value>56.0</value>    <value>67.0</value>    <value>78.0</value>    <value>89.0</value>    <value>100.0</value>    <value>111.0</value>    <value>122.0</value>    <value>133.0</value>    <value>144.0</value>    <value>155.0</value>    <value>166.0</value>    <value>177.0</value>    <value>188.0</value>    <value>199.0</value>    <value>210.0</value>    <value>221.0</value>    <value>232.0</value>    <value>243.0</value>    <value>254.0</value>    <value>265.0</value>    <value>276.0</value>    <value>287.0</value>    <value>298.0</value>    <value>309.0</value>    <value>320.0</value>  </contourvalues>  <colorvalues>    <cvalue red="16" green="15" blue="218"/>    <cvalue red="31" green="30" blue="220"/>    <cvalue red="46" green="45" blue="222"/>    <cvalue red="61" green="60" blue="225"/>    <cvalue red="76" green="75" blue="227"/>    <cvalue red="91" green="90" blue="229"/>    <cvalue red="106" green="105" blue="232"/>    <cvalue red="121" green="120" blue="234"/>    <cvalue red="135" green="135" blue="236"/>    <cvalue red="150" green="150" blue="238"/>    <cvalue red="165" green="165" blue="241"/>    <cvalue red="180" green="180" blue="243"/>    <cvalue red="195" green="195" blue="245"/>    <cvalue red="210" green="210" blue="248"/>    <cvalue red="225" green="225" blue="250"/>    <cvalue red="240" green="240" blue="252"/>    <cvalue red="252" green="240" blue="240"/>    <cvalue red="250" green="225" blue="225"/>    <cvalue red="248" green="210" blue="210"/>    <cvalue red="245" green="195" blue="195"/>    <cvalue red="243" green="180" blue="180"/>    <cvalue red="241" green="165" blue="165"/>    <cvalue red="238" green="150" blue="150"/>    <cvalue red="236" green="135" blue="135"/>    <cvalue red="234" green="120" blue="120"/>    <cvalue red="232" green="105" blue="105"/>    <cvalue red="229" green="90" blue="90"/>    <cvalue red="227" green="75" blue="75"/>    <cvalue red="225" green="60" blue="60"/>    <cvalue red="222" green="45" blue="45"/>    <cvalue red="220" green="30" blue="30"/>    <cvalue red="218" green="15" blue="15"/>  </colorvalues></joacolorbar>