<?xml version="1.0"?>
<colorpalette>
  <color red="255" green="255" blue="255"/>
  <color red="197" green="255" blue="53"/>
  <color red="222" green="255" blue="124"/>
  <color red="254" green="255" blue="2"/>
  <color red="251" green="255" blue="63"/>
  <color red="255" green="252" blue="127"/>
  <color red="254" green="255" blue="168"/>
  <color red="253" green="255" blue="216"/>
  <color red="251" green="232" blue="255"/>
  <color red="246" green="216" blue="255"/>
  <color red="243" green="201" blue="255"/>
  <color red="241" green="173" blue="255"/>
  <color red="242" green="127" blue="255"/>
  <color red="231" green="56" blue="255"/>
  <color red="191" green="7" blue="255"/>
  <color red="94" green="2" blue="255"/>
  <color red="128" green="2" blue="255"/>
  <color red="39" green="2" blue="255"/>
  <color red="7" green="121" blue="255"/>
  <color red="63" green="130" blue="255"/>
  <color red="127" green="182" blue="255"/>
  <color red="155" green="215" blue="255"/>
  <color red="178" green="224" blue="255"/>
  <color red="224" green="251" blue="255"/>
  <color red="255" green="245" blue="221"/>
  <color red="237" green="224" blue="159"/>
  <color red="244" green="183" blue="139"/>
  <color red="255" green="158" blue="119"/>
  <color red="255" green="124" blue="109"/>
  <color red="255" green="53" blue="63"/>
  <color red="255" green="2" blue="57"/>
  <color red="211" green="2" blue="122"/>
  <color red="135" green="5" blue="255"/>
  <color red="20" green="7" blue="255"/>
  <color red="0" green="93" blue="255"/>
  <color red="33" green="166" blue="255"/>
  <color red="104" green="184" blue="255"/>
  <color red="163" green="212" blue="255"/>
  <color red="183" green="233" blue="255"/>
  <color red="227" green="248" blue="255"/>
  <color red="255" green="248" blue="221"/>
  <color red="255" green="215" blue="209"/>
  <color red="255" green="172" blue="155"/>
  <color red="255" green="212" blue="147"/>
  <color red="255" green="184" blue="109"/>
  <color red="255" green="167" blue="73"/>
  <color red="255" green="131" blue="0"/>
  <color red="255" green="111" blue="2"/>
  <color red="172" green="7" blue="255"/>
  <color red="88" green="5" blue="255"/>
  <color red="2" green="2" blue="255"/>
  <color red="0" green="80" blue="255"/>
  <color red="2" green="166" blue="255"/>
  <color red="0" green="250" blue="255"/>
  <color red="2" green="255" blue="170"/>
  <color red="2" green="255" blue="86"/>
  <color red="0" green="255" blue="0"/>
  <color red="78" green="255" blue="2"/>
  <color red="165" green="255" blue="0"/>
  <color red="254" green="255" blue="2"/>
  <color red="255" green="170" blue="0"/>
  <color red="255" green="86" blue="2"/>
  <color red="255" green="2" blue="2"/>
  <color red="255" green="5" blue="88"/>
  <color red="168" green="7" blue="255"/>
  <color red="214" green="140" blue="255"/>
  <color red="0" green="4" blue="255"/>
  <color red="137" green="137" blue="255"/>
  <color red="0" green="165" blue="255"/>
  <color red="145" green="214" blue="255"/>
  <color red="2" green="255" blue="170"/>
  <color red="140" green="255" blue="220"/>
  <color red="2" green="255" blue="2"/>
  <color red="162" green="255" blue="160"/>
  <color red="203" green="255" blue="0"/>
  <color red="249" green="255" blue="147"/>
  <color red="255" green="147" blue="7"/>
  <color red="255" green="223" blue="168"/>
  <color red="255" green="0" blue="38"/>
  <color red="255" green="158" blue="169"/>
  <color red="38" green="5" blue="255"/>
  <color red="121" green="117" blue="255"/>
  <color red="165" green="186" blue="255"/>
  <color red="58" green="241" blue="255"/>
  <color red="142" green="232" blue="255"/>
  <color red="220" green="224" blue="255"/>
  <color red="206" green="255" blue="255"/>
  <color red="250" green="255" blue="224"/>
  <color red="231" green="254" blue="173"/>
  <color red="255" green="226" blue="122"/>
  <color red="255" green="221" blue="173"/>
  <color red="255" green="177" blue="122"/>
  <color red="255" green="142" blue="119"/>
  <color red="255" green="81" blue="90"/>
  <color red="255" green="22" blue="88"/>
  <color red="255" green="36" blue="2"/>
  <color red="1" green="168" blue="76"/>
  <color red="39" green="209" blue="79"/>
  <color red="115" green="221" blue="129"/>
  <color red="5" green="255" blue="63"/>
  <color red="127" green="255" blue="157"/>
  <color red="176" green="255" blue="152"/>
  <color red="212" green="255" blue="193"/>
  <color red="224" green="255" blue="188"/>
  <color red="240" green="255" blue="132"/>
  <color red="255" green="233" blue="43"/>
  <color red="255" green="178" blue="45"/>
  <color red="255" green="167" blue="119"/>
  <color red="255" green="121" blue="114"/>
  <color red="255" green="68" blue="90"/>
  <color red="255" green="2" blue="48"/>
  <color red="214" green="4" blue="53"/>
  <color red="28" green="4" blue="209"/>
  <color red="46" green="43" blue="255"/>
  <color red="119" green="117" blue="255"/>
  <color red="139" green="163" blue="232"/>
  <color red="170" green="187" blue="221"/>
  <color red="201" green="219" blue="232"/>
  <color red="185" green="229" blue="227"/>
  <color red="224" green="247" blue="252"/>
  <color red="239" green="231" blue="206"/>
  <color red="255" green="231" blue="224"/>
  <color red="255" green="219" blue="219"/>
  <color red="237" green="196" blue="156"/>
  <color red="232" green="129" blue="111"/>
  <color red="226" green="90" blue="56"/>
  <color red="255" green="40" blue="58"/>
  <color red="221" green="4" blue="73"/>
  <color red="162" green="232" blue="0"/>
  <color red="218" green="255" blue="127"/>
  <color red="254" green="255" blue="2"/>
  <color red="255" green="247" blue="99"/>
  <color red="254" green="255" blue="137"/>
  <color red="255" green="252" blue="191"/>
  <color red="254" green="255" blue="226"/>
  <color red="255" green="232" blue="237"/>
  <color red="255" green="219" blue="221"/>
  <color red="255" green="182" blue="168"/>
  <color red="255" green="173" blue="150"/>
  <color red="255" green="110" blue="94"/>
  <color red="255" green="78" blue="58"/>
  <color red="255" green="2" blue="6"/>
  <color red="255" green="5" blue="113"/>
  <color red="216" green="4" blue="92"/>
  <color red="0" green="196" blue="62"/>
  <color red="4" green="229" blue="90"/>
  <color red="79" green="255" blue="79"/>
  <color red="146" green="255" blue="91"/>
  <color red="155" green="255" blue="119"/>
  <color red="186" green="255" blue="165"/>
  <color red="218" green="255" blue="201"/>
  <color red="229" green="255" blue="224"/>
  <color red="254" green="255" blue="221"/>
  <color red="254" green="240" blue="219"/>
  <color red="255" green="221" blue="173"/>
  <color red="255" green="196" blue="130"/>
  <color red="255" green="181" blue="91"/>
  <color red="255" green="163" blue="50"/>
  <color red="255" green="132" blue="2"/>
  <color red="224" green="115" blue="0"/>
  <color red="1" green="163" blue="68"/>
  <color red="2" green="214" blue="76"/>
  <color red="2" green="255" blue="74"/>
  <color red="78" green="255" blue="66"/>
  <color red="133" green="255" blue="99"/>
  <color red="195" green="255" blue="150"/>
  <color red="214" green="255" blue="220"/>
  <color red="227" green="255" blue="255"/>
  <color red="251" green="232" blue="255"/>
  <color red="242" green="203" blue="255"/>
  <color red="250" green="165" blue="255"/>
  <color red="255" green="137" blue="249"/>
  <color red="214" green="68" blue="255"/>
  <color red="209" green="5" blue="255"/>
  <color red="154" green="2" blue="201"/>
  <color red="121" green="1" blue="158"/>
  <color red="196" green="196" blue="1"/>
  <color red="219" green="219" blue="2"/>
  <color red="235" green="239" blue="2"/>
  <color red="251" green="255" blue="71"/>
  <color red="255" green="252" blue="122"/>
  <color red="255" green="251" blue="163"/>
  <color red="253" green="255" blue="201"/>
  <color red="254" green="255" blue="227"/>
  <color red="246" green="226" blue="255"/>
  <color red="239" green="198" blue="255"/>
  <color red="234" green="160" blue="255"/>
  <color red="250" green="114" blue="255"/>
  <color red="228" green="56" blue="255"/>
  <color red="223" green="15" blue="255"/>
  <color red="156" green="4" blue="226"/>
  <color red="160" green="3" blue="173"/>
  <color red="217" green="135" blue="255"/>
  <color red="178" green="140" blue="255"/>
  <color red="142" green="140" blue="255"/>
  <color red="145" green="214" blue="255"/>
  <color red="140" green="249" blue="255"/>
  <color red="142" green="255" blue="221"/>
  <color red="140" green="255" blue="174"/>
  <color red="142" green="255" blue="142"/>
  <color red="174" green="255" blue="137"/>
  <color red="214" green="255" blue="137"/>
  <color red="255" green="253" blue="140"/>
  <color red="255" green="215" blue="142"/>
  <color red="255" green="174" blue="142"/>
  <color red="255" green="135" blue="139"/>
  <color red="255" green="135" blue="175"/>
  <color red="255" green="137" blue="213"/>
  <color red="191" green="144" blue="219"/>
  <color red="172" green="149" blue="226"/>
  <color red="148" green="148" blue="224"/>
  <color red="146" green="171" blue="221"/>
  <color red="149" green="197" blue="226"/>
  <color red="152" green="224" blue="226"/>
  <color red="148" green="224" blue="197"/>
  <color red="148" green="224" blue="164"/>
  <color red="148" green="221" blue="149"/>
  <color red="169" green="219" blue="144"/>
  <color red="198" green="224" blue="150"/>
  <color red="226" green="226" blue="149"/>
  <color red="215" green="187" blue="143"/>
  <color red="224" green="172" blue="148"/>
  <color red="214" green="141" blue="141"/>
  <color red="214" green="141" blue="166"/>
  <color red="141" green="2" blue="206"/>
  <color red="75" green="4" blue="216"/>
  <color red="2" green="2" blue="216"/>
  <color red="2" green="65" blue="214"/>
  <color red="2" green="134" blue="206"/>
  <color red="2" green="205" blue="209"/>
  <color red="4" green="214" blue="144"/>
  <color red="2" green="209" blue="71"/>
  <color red="7" green="216" blue="4"/>
  <color red="74" green="214" blue="4"/>
  <color red="140" green="214" blue="4"/>
  <color red="211" green="211" blue="2"/>
  <color red="211" green="141" blue="2"/>
  <color red="216" green="70" blue="2"/>
  <color red="209" green="2" blue="5"/>
  <color red="206" green="4" blue="74"/>
  <color red="89" green="125" blue="255"/>
  <color red="255" green="219" blue="147"/>
  <color red="255" green="109" blue="233"/>
  <color red="81" green="255" blue="150"/>
  <color red="226" green="255" blue="122"/>
  <color red="255" green="114" blue="180"/>
  <color red="147" green="15" blue="255"/>
  <color red="10" green="255" blue="2"/>
  <color red="255" green="2" blue="48"/>
  <color red="174" green="165" blue="255"/>
  <color red="173" green="255" blue="185"/>
  <color red="255" green="232" blue="193"/>
  <color red="255" green="119" blue="250"/>
  <color red="212" green="229" blue="255"/>
  <color red="193" green="255" blue="198"/>
  <color red="0" green="0" blue="0"/>
</colorpalette>
