<?xml version="1.0"?><joacolorbar>  <param>BDRV</param>  <title>global</title>  <description>32 levels covering expected World Ocean range</description>  <numlevels>32</numlevels>  <baselevel>-3.0</baselevel>  <endlevel>0.7999999999999998</endlevel>  <contourvalues>    <value>-3.0</value>    <value>-2.8774193548387097</value>    <value>-2.7548387096774194</value>    <value>-2.632258064516129</value>    <value>-2.509677419354839</value>    <value>-2.3870967741935485</value>    <value>-2.264516129032258</value>    <value>-2.141935483870968</value>    <value>-2.0193548387096776</value>    <value>-1.896774193548387</value>    <value>-1.7741935483870968</value>    <value>-1.6516129032258065</value>    <value>-1.5290322580645161</value>    <value>-1.4064516129032258</value>    <value>-1.2838709677419355</value>    <value>-1.1612903225806452</value>    <value>-1.038709677419355</value>    <value>-0.9161290322580644</value>    <value>-0.7935483870967741</value>    <value>-0.6709677419354838</value>    <value>-0.5483870967741935</value>    <value>-0.4258064516129032</value>    <value>-0.3032258064516129</value>    <value>-0.1806451612903226</value>    <value>-0.058064516129032295</value>    <value>0.06451612903225801</value>    <value>0.1870967741935483</value>    <value>0.3096774193548386</value>    <value>0.4322580645161289</value>    <value>0.5548387096774192</value>    <value>0.6774193548387095</value>    <value>0.7999999999999998</value>  </contourvalues>  <colorvalues>    <cvalue red="16" green="15" blue="218"/>    <cvalue red="31" green="30" blue="220"/>    <cvalue red="46" green="45" blue="222"/>    <cvalue red="61" green="60" blue="225"/>    <cvalue red="76" green="75" blue="227"/>    <cvalue red="91" green="90" blue="229"/>    <cvalue red="106" green="105" blue="232"/>    <cvalue red="121" green="120" blue="234"/>    <cvalue red="135" green="135" blue="236"/>    <cvalue red="150" green="150" blue="238"/>    <cvalue red="165" green="165" blue="241"/>    <cvalue red="180" green="180" blue="243"/>    <cvalue red="195" green="195" blue="245"/>    <cvalue red="210" green="210" blue="248"/>    <cvalue red="225" green="225" blue="250"/>    <cvalue red="240" green="240" blue="252"/>    <cvalue red="252" green="240" blue="240"/>    <cvalue red="250" green="225" blue="225"/>    <cvalue red="248" green="210" blue="210"/>    <cvalue red="245" green="195" blue="195"/>    <cvalue red="243" green="180" blue="180"/>    <cvalue red="241" green="165" blue="165"/>    <cvalue red="238" green="150" blue="150"/>    <cvalue red="236" green="135" blue="135"/>    <cvalue red="234" green="120" blue="120"/>    <cvalue red="232" green="105" blue="105"/>    <cvalue red="229" green="90" blue="90"/>    <cvalue red="227" green="75" blue="75"/>    <cvalue red="225" green="60" blue="60"/>    <cvalue red="222" green="45" blue="45"/>    <cvalue red="220" green="30" blue="30"/>    <cvalue red="218" green="15" blue="15"/>  </colorvalues></joacolorbar>