<?xml version="1.0"?>
<joamap mapbgcolor="192,192,192" mapname="Stereographic (50.0,65.0,160.0,-160.0)">
  <mapregion customregion="true" basin="3" minlat="50.0" maxlat="65.0" lonleft="160.0" lonright="-160.0" centerlat="57.5" centerlon="180.0"/>
  <graticule drawgraticule="true" labelgraticules="true" latspc="5.0" lonspc="5.0" gratcolor="0,50,50"/>
  <projection projcode="10" retainprojaspect="true" isglobe="false"/>
  <coastline resolution="0" coastcolor="0,0,0"/>
  <sectionline symbolcode="2" symbolsize="3" linewidth="1" connectstns="true" connectstnsacross="false" sectionlabels="false"/>
  <etopoovl colorbarname="ROSE-grayscale_cbr.xml">
    <etopofile etopofilename="etopo20.nc"/>
  </etopoovl>
</joamap>
