<?xml version="1.0"?><joacolorbar>  <param>BETA</param>  <title>global</title>  <description>32 levels covering expected World Ocean range</description>  <numlevels>32</numlevels>  <baselevel>-3.4</baselevel>  <endlevel>-1.4</endlevel>  <contourvalues>    <value>-3.4</value>    <value>-3.335483870967742</value>    <value>-3.270967741935484</value>    <value>-3.206451612903226</value>    <value>-3.1419354838709674</value>    <value>-3.0774193548387094</value>    <value>-3.0129032258064514</value>    <value>-2.9483870967741934</value>    <value>-2.8838709677419354</value>    <value>-2.8193548387096774</value>    <value>-2.7548387096774194</value>    <value>-2.6903225806451614</value>    <value>-2.6258064516129034</value>    <value>-2.5612903225806454</value>    <value>-2.496774193548387</value>    <value>-2.432258064516129</value>    <value>-2.367741935483871</value>    <value>-2.303225806451613</value>    <value>-2.238709677419355</value>    <value>-2.1741935483870964</value>    <value>-2.1096774193548384</value>    <value>-2.0451612903225804</value>    <value>-1.9806451612903224</value>    <value>-1.9161290322580644</value>    <value>-1.8516129032258064</value>    <value>-1.7870967741935484</value>    <value>-1.7225806451612904</value>    <value>-1.6580645161290322</value>    <value>-1.5935483870967742</value>    <value>-1.5290322580645161</value>    <value>-1.464516129032258</value>    <value>-1.4</value>  </contourvalues>  <colorvalues>    <cvalue red="16" green="15" blue="218"/>    <cvalue red="31" green="30" blue="220"/>    <cvalue red="46" green="45" blue="222"/>    <cvalue red="61" green="60" blue="225"/>    <cvalue red="76" green="75" blue="227"/>    <cvalue red="91" green="90" blue="229"/>    <cvalue red="106" green="105" blue="232"/>    <cvalue red="121" green="120" blue="234"/>    <cvalue red="135" green="135" blue="236"/>    <cvalue red="150" green="150" blue="238"/>    <cvalue red="165" green="165" blue="241"/>    <cvalue red="180" green="180" blue="243"/>    <cvalue red="195" green="195" blue="245"/>    <cvalue red="210" green="210" blue="248"/>    <cvalue red="225" green="225" blue="250"/>    <cvalue red="240" green="240" blue="252"/>    <cvalue red="252" green="240" blue="240"/>    <cvalue red="250" green="225" blue="225"/>    <cvalue red="248" green="210" blue="210"/>    <cvalue red="245" green="195" blue="195"/>    <cvalue red="243" green="180" blue="180"/>    <cvalue red="241" green="165" blue="165"/>    <cvalue red="238" green="150" blue="150"/>    <cvalue red="236" green="135" blue="135"/>    <cvalue red="234" green="120" blue="120"/>    <cvalue red="232" green="105" blue="105"/>    <cvalue red="229" green="90" blue="90"/>    <cvalue red="227" green="75" blue="75"/>    <cvalue red="225" green="60" blue="60"/>    <cvalue red="222" green="45" blue="45"/>    <cvalue red="220" green="30" blue="30"/>    <cvalue red="218" green="15" blue="15"/>  </colorvalues></joacolorbar>