<?xml version="1.0"?><joacolorbar>  <param>BV3 </param>  <title>global</title>  <description>32 levels covering expected World Ocean range</description>  <numlevels>32</numlevels>  <baselevel>0.1</baselevel>  <endlevel>18.0</endlevel>  <contourvalues>    <value>0.1</value>    <value>0.2</value>    <value>0.3</value>    <value>0.4</value>    <value>0.5</value>    <value>0.6</value>    <value>0.7</value>    <value>0.8</value>    <value>0.9</value>    <value>1.0</value>    <value>1.1</value>    <value>1.2</value>    <value>1.3</value>    <value>1.4</value>    <value>1.5</value>    <value>1.6</value>    <value>1.7</value>    <value>1.8</value>    <value>1.9</value>    <value>2.0</value>    <value>2.5</value>    <value>3.0</value>    <value>4.0</value>    <value>5.0</value>    <value>6.0</value>    <value>7.0</value>    <value>8.0</value>    <value>10.0</value>    <value>12.0</value>    <value>14.0</value>    <value>16.0</value>    <value>18.0</value>  </contourvalues>  <colorvalues>    <cvalue red="127" green="0" blue="255"/>    <cvalue red="90" green="0" blue="255"/>    <cvalue red="53" green="0" blue="255"/>    <cvalue red="16" green="0" blue="255"/>    <cvalue red="0" green="20" blue="255"/>    <cvalue red="0" green="57" blue="255"/>    <cvalue red="0" green="94" blue="255"/>    <cvalue red="0" green="131" blue="255"/>    <cvalue red="0" green="168" blue="255"/>    <cvalue red="0" green="205" blue="255"/>    <cvalue red="0" green="242" blue="255"/>    <cvalue red="0" green="255" blue="230"/>    <cvalue red="0" green="255" blue="193"/>    <cvalue red="0" green="255" blue="156"/>    <cvalue red="0" green="255" blue="119"/>    <cvalue red="0" green="255" blue="82"/>    <cvalue red="0" green="255" blue="45"/>    <cvalue red="0" green="255" blue="8"/>    <cvalue red="28" green="255" blue="0"/>    <cvalue red="65" green="255" blue="0"/>    <cvalue red="102" green="255" blue="0"/>    <cvalue red="139" green="255" blue="0"/>    <cvalue red="176" green="255" blue="0"/>    <cvalue red="213" green="255" blue="0"/>    <cvalue red="250" green="255" blue="0"/>    <cvalue red="255" green="222" blue="0"/>    <cvalue red="255" green="185" blue="0"/>    <cvalue red="255" green="148" blue="0"/>    <cvalue red="255" green="111" blue="0"/>    <cvalue red="255" green="74" blue="0"/>    <cvalue red="255" green="37" blue="0"/>    <cvalue red="255" green="0" blue="0"/>  </colorvalues></joacolorbar>