<?xml version="1.0"?>
<joacolorbar>
  <param>C*  </param>
  <title>C-Star</title>
  <numlevels>32</numlevels>
  <baselevel>800.0</baselevel>
  <endlevel>1400.0</endlevel>
  <contourvalues>
    <value>800.0</value>
    <value>819.3548387096774</value>
    <value>838.7096774193549</value>
    <value>858.0645161290322</value>
    <value>877.4193548387096</value>
    <value>896.7741935483871</value>
    <value>916.1290322580645</value>
    <value>935.483870967742</value>
    <value>954.8387096774194</value>
    <value>974.1935483870968</value>
    <value>993.5483870967741</value>
    <value>1012.9032258064516</value>
    <value>1032.258064516129</value>
    <value>1051.6129032258063</value>
    <value>1070.967741935484</value>
    <value>1090.3225806451612</value>
    <value>1109.6774193548388</value>
    <value>1129.032258064516</value>
    <value>1148.3870967741937</value>
    <value>1167.741935483871</value>
    <value>1187.0967741935483</value>
    <value>1206.4516129032259</value>
    <value>1225.8064516129032</value>
    <value>1245.1612903225807</value>
    <value>1264.516129032258</value>
    <value>1283.8709677419356</value>
    <value>1303.225806451613</value>
    <value>1322.5806451612902</value>
    <value>1341.9354838709678</value>
    <value>1361.2903225806451</value>
    <value>1380.6451612903224</value>
    <value>1400.0</value>
  </contourvalues>
  <colorvalues>
    <cvalue red="255" green="0" blue="0"/>
    <cvalue red="255" green="37" blue="0"/>
    <cvalue red="255" green="74" blue="0"/>
    <cvalue red="255" green="111" blue="0"/>
    <cvalue red="255" green="148" blue="0"/>
    <cvalue red="255" green="185" blue="0"/>
    <cvalue red="255" green="222" blue="0"/>
    <cvalue red="251" green="255" blue="0"/>
    <cvalue red="214" green="255" blue="0"/>
    <cvalue red="177" green="255" blue="0"/>
    <cvalue red="140" green="255" blue="0"/>
    <cvalue red="103" green="255" blue="0"/>
    <cvalue red="66" green="255" blue="0"/>
    <cvalue red="29" green="255" blue="0"/>
    <cvalue red="0" green="255" blue="8"/>
    <cvalue red="0" green="255" blue="45"/>
    <cvalue red="0" green="255" blue="82"/>
    <cvalue red="0" green="255" blue="119"/>
    <cvalue red="0" green="255" blue="156"/>
    <cvalue red="0" green="255" blue="193"/>
    <cvalue red="0" green="255" blue="230"/>
    <cvalue red="0" green="243" blue="255"/>
    <cvalue red="0" green="206" blue="255"/>
    <cvalue red="0" green="169" blue="255"/>
    <cvalue red="0" green="132" blue="255"/>
    <cvalue red="0" green="95" blue="255"/>
    <cvalue red="0" green="58" blue="255"/>
    <cvalue red="0" green="21" blue="255"/>
    <cvalue red="16" green="0" blue="255"/>
    <cvalue red="53" green="0" blue="255"/>
    <cvalue red="90" green="0" blue="255"/>
    <cvalue red="128" green="0" blue="255"/>
  </colorvalues>
</joacolorbar>
