<?xml version="1.0"?>
<colorpalette>
  <color red="2" green="53" blue="84"/>
  <color red="3" green="69" blue="108"/>
  <color red="9" green="84" blue="130"/>
  <color red="20" green="102" blue="150"/>
  <color red="41" green="120" blue="167"/>
  <color red="80" green="160" blue="209"/>
  <color red="85" green="162" blue="210"/>
  <color red="90" green="165" blue="211"/>
  <color red="95" green="168" blue="213"/>
  <color red="101" green="171" blue="214"/>
  <color red="106" green="174" blue="215"/>
  <color red="111" green="177" blue="217"/>
  <color red="117" green="180" blue="218"/>
  <color red="122" green="183" blue="220"/>
  <color red="127" green="185" blue="221"/>
  <color red="133" green="188" blue="222"/>
  <color red="138" green="191" blue="224"/>
  <color red="143" green="194" blue="225"/>
  <color red="148" green="197" blue="227"/>
  <color red="154" green="200" blue="228"/>
  <color red="159" green="203" blue="229"/>
  <color red="164" green="206" blue="231"/>
  <color red="170" green="208" blue="232"/>
  <color red="175" green="211" blue="234"/>
  <color red="180" green="214" blue="235"/>
  <color red="186" green="217" blue="236"/>
  <color red="191" green="220" blue="238"/>
  <color red="196" green="223" blue="239"/>
  <color red="201" green="226" blue="241"/>
  <color red="207" green="229" blue="242"/>
  <color red="212" green="231" blue="243"/>
  <color red="217" green="234" blue="245"/>
  <color red="223" green="237" blue="246"/>
  <color red="228" green="240" blue="248"/>
  <color red="233" green="243" blue="249"/>
  <color red="239" green="246" blue="250"/>
  <color red="244" green="249" blue="252"/>
  <color red="249" green="252" blue="253"/>
  <color red="0" green="172" blue="6"/>
  <color red="23" green="178" blue="5"/>
  <color red="47" green="185" blue="4"/>
  <color red="71" green="191" blue="4"/>
  <color red="94" green="198" blue="3"/>
  <color red="118" green="204" blue="3"/>
  <color red="142" green="211" blue="2"/>
  <color red="165" green="217" blue="1"/>
  <color red="189" green="224" blue="1"/>
  <color red="213" green="230" blue="0"/>
  <color red="237" green="237" blue="0"/>
  <color red="220" green="220" blue="0"/>
  <color red="202" green="202" blue="0"/>
  <color red="185" green="185" blue="0"/>
  <color red="167" green="167" blue="0"/>
  <color red="150" green="150" blue="0"/>
  <color red="132" green="132" blue="0"/>
  <color red="115" green="115" blue="0"/>
  <color red="97" green="97" blue="0"/>
  <color red="80" green="80" blue="0"/>
  <color red="65" green="65" blue="0"/>
  <color red="49" green="49" blue="0"/>
  <color red="72" green="71" blue="36"/>
  <color red="122" green="121" blue="96"/>
  <color red="167" green="164" blue="146"/>
  <color red="220" green="220" blue="220"/>
  <color red="0" green="0" blue="0"/>
  <color red="0" green="0" blue="0"/>
  <color red="0" green="0" blue="0"/>
  <color red="0" green="0" blue="0"/>
  <color red="0" green="0" blue="0"/>
  <color red="0" green="0" blue="0"/>
  <color red="0" green="0" blue="0"/>
  <color red="0" green="0" blue="0"/>
  <color red="0" green="0" blue="0"/>
  <color red="0" green="0" blue="0"/>
  <color red="0" green="0" blue="0"/>
  <color red="0" green="0" blue="0"/>
  <color red="0" green="0" blue="0"/>
  <color red="0" green="0" blue="0"/>
  <color red="0" green="0" blue="0"/>
  <color red="0" green="0" blue="0"/>
  <color red="0" green="0" blue="0"/>
  <color red="0" green="0" blue="0"/>
  <color red="0" green="0" blue="0"/>
  <color red="0" green="0" blue="0"/>
  <color red="0" green="0" blue="0"/>
  <color red="0" green="0" blue="0"/>
  <color red="0" green="0" blue="0"/>
  <color red="0" green="0" blue="0"/>
  <color red="0" green="0" blue="0"/>
  <color red="0" green="0" blue="0"/>
  <color red="0" green="0" blue="0"/>
  <color red="0" green="0" blue="0"/>
  <color red="0" green="0" blue="0"/>
  <color red="0" green="0" blue="0"/>
  <color red="0" green="0" blue="0"/>
  <color red="0" green="0" blue="0"/>
  <color red="0" green="0" blue="0"/>
  <color red="0" green="0" blue="0"/>
  <color red="0" green="0" blue="0"/>
  <color red="0" green="0" blue="0"/>
  <color red="0" green="0" blue="0"/>
  <color red="0" green="0" blue="0"/>
  <color red="0" green="0" blue="0"/>
  <color red="0" green="0" blue="0"/>
  <color red="0" green="0" blue="0"/>
  <color red="0" green="0" blue="0"/>
  <color red="0" green="0" blue="0"/>
  <color red="0" green="0" blue="0"/>
  <color red="0" green="0" blue="0"/>
  <color red="0" green="0" blue="0"/>
  <color red="0" green="0" blue="0"/>
  <color red="0" green="0" blue="0"/>
  <color red="0" green="0" blue="0"/>
  <color red="0" green="0" blue="0"/>
  <color red="0" green="0" blue="0"/>
  <color red="0" green="0" blue="0"/>
  <color red="0" green="0" blue="0"/>
  <color red="0" green="0" blue="0"/>
  <color red="0" green="0" blue="0"/>
  <color red="0" green="0" blue="0"/>
  <color red="0" green="0" blue="0"/>
  <color red="0" green="0" blue="0"/>
  <color red="0" green="0" blue="0"/>
  <color red="0" green="0" blue="0"/>
  <color red="0" green="0" blue="0"/>
  <color red="0" green="0" blue="0"/>
  <color red="0" green="0" blue="0"/>
  <color red="0" green="0" blue="0"/>
  <color red="0" green="0" blue="0"/>
  <color red="0" green="0" blue="0"/>
  <color red="0" green="0" blue="0"/>
  <color red="0" green="0" blue="0"/>
  <color red="0" green="0" blue="0"/>
  <color red="0" green="0" blue="0"/>
  <color red="0" green="0" blue="0"/>
  <color red="0" green="0" blue="0"/>
  <color red="0" green="0" blue="0"/>
  <color red="0" green="0" blue="0"/>
  <color red="0" green="0" blue="0"/>
  <color red="0" green="0" blue="0"/>
  <color red="0" green="0" blue="0"/>
  <color red="0" green="0" blue="0"/>
  <color red="0" green="0" blue="0"/>
  <color red="0" green="0" blue="0"/>
  <color red="0" green="0" blue="0"/>
  <color red="0" green="0" blue="0"/>
  <color red="0" green="0" blue="0"/>
  <color red="0" green="0" blue="0"/>
  <color red="0" green="0" blue="0"/>
  <color red="0" green="0" blue="0"/>
  <color red="0" green="0" blue="0"/>
  <color red="0" green="0" blue="0"/>
  <color red="0" green="0" blue="0"/>
  <color red="0" green="0" blue="0"/>
  <color red="0" green="0" blue="0"/>
  <color red="0" green="0" blue="0"/>
  <color red="0" green="0" blue="0"/>
  <color red="0" green="0" blue="0"/>
  <color red="0" green="0" blue="0"/>
  <color red="0" green="0" blue="0"/>
  <color red="0" green="0" blue="0"/>
  <color red="0" green="0" blue="0"/>
  <color red="0" green="0" blue="0"/>
  <color red="0" green="0" blue="0"/>
  <color red="0" green="0" blue="0"/>
  <color red="0" green="0" blue="0"/>
  <color red="0" green="0" blue="0"/>
  <color red="0" green="0" blue="0"/>
  <color red="0" green="0" blue="0"/>
  <color red="0" green="0" blue="0"/>
  <color red="0" green="0" blue="0"/>
  <color red="0" green="0" blue="0"/>
  <color red="0" green="0" blue="0"/>
  <color red="0" green="0" blue="0"/>
  <color red="0" green="0" blue="0"/>
  <color red="0" green="0" blue="0"/>
  <color red="0" green="0" blue="0"/>
  <color red="0" green="0" blue="0"/>
  <color red="0" green="0" blue="0"/>
  <color red="0" green="0" blue="0"/>
  <color red="0" green="0" blue="0"/>
  <color red="0" green="0" blue="0"/>
  <color red="0" green="0" blue="0"/>
  <color red="0" green="0" blue="0"/>
  <color red="0" green="0" blue="0"/>
  <color red="0" green="0" blue="0"/>
  <color red="0" green="0" blue="0"/>
  <color red="0" green="0" blue="0"/>
  <color red="0" green="0" blue="0"/>
  <color red="0" green="0" blue="0"/>
  <color red="0" green="0" blue="0"/>
  <color red="0" green="0" blue="0"/>
  <color red="0" green="0" blue="0"/>
  <color red="0" green="0" blue="0"/>
  <color red="0" green="0" blue="0"/>
  <color red="0" green="0" blue="0"/>
  <color red="0" green="0" blue="0"/>
  <color red="0" green="0" blue="0"/>
  <color red="0" green="0" blue="0"/>
  <color red="0" green="0" blue="0"/>
  <color red="0" green="0" blue="0"/>
  <color red="0" green="0" blue="0"/>
  <color red="0" green="0" blue="0"/>
  <color red="0" green="0" blue="0"/>
  <color red="0" green="0" blue="0"/>
  <color red="0" green="0" blue="0"/>
  <color red="0" green="0" blue="0"/>
  <color red="0" green="0" blue="0"/>
  <color red="0" green="0" blue="0"/>
  <color red="0" green="0" blue="0"/>
  <color red="0" green="0" blue="0"/>
  <color red="0" green="0" blue="0"/>
  <color red="0" green="0" blue="0"/>
  <color red="0" green="0" blue="0"/>
  <color red="0" green="0" blue="0"/>
  <color red="0" green="0" blue="0"/>
  <color red="0" green="0" blue="0"/>
  <color red="0" green="0" blue="0"/>
  <color red="0" green="0" blue="0"/>
  <color red="0" green="0" blue="0"/>
  <color red="0" green="0" blue="0"/>
  <color red="0" green="0" blue="0"/>
  <color red="0" green="0" blue="0"/>
  <color red="0" green="0" blue="0"/>
  <color red="0" green="0" blue="0"/>
  <color red="0" green="0" blue="0"/>
  <color red="0" green="0" blue="0"/>
  <color red="0" green="0" blue="0"/>
  <color red="0" green="0" blue="0"/>
  <color red="0" green="0" blue="0"/>
  <color red="0" green="0" blue="0"/>
  <color red="0" green="0" blue="0"/>
  <color red="0" green="0" blue="0"/>
  <color red="0" green="0" blue="0"/>
  <color red="0" green="0" blue="0"/>
  <color red="0" green="0" blue="0"/>
  <color red="0" green="0" blue="0"/>
  <color red="0" green="0" blue="0"/>
  <color red="0" green="0" blue="0"/>
  <color red="0" green="0" blue="0"/>
  <color red="0" green="0" blue="0"/>
  <color red="0" green="0" blue="0"/>
  <color red="0" green="0" blue="0"/>
  <color red="0" green="0" blue="0"/>
  <color red="0" green="0" blue="0"/>
  <color red="0" green="0" blue="0"/>
  <color red="0" green="0" blue="0"/>
  <color red="0" green="0" blue="0"/>
  <color red="0" green="0" blue="0"/>
  <color red="0" green="0" blue="0"/>
  <color red="0" green="0" blue="0"/>
  <color red="0" green="0" blue="0"/>
  <color red="0" green="0" blue="0"/>
  <color red="0" green="0" blue="0"/>
  <color red="0" green="0" blue="0"/>
  <color red="0" green="0" blue="0"/>
</colorpalette>
