<?xml version="1.0"?>
<colorpalette>
  <color red="255" green="255" blue="255"/>
  <color red="254" green="254" blue="254"/>
  <color red="253" green="253" blue="253"/>
  <color red="252" green="252" blue="252"/>
  <color red="251" green="251" blue="251"/>
  <color red="250" green="250" blue="250"/>
  <color red="249" green="249" blue="249"/>
  <color red="248" green="248" blue="248"/>
  <color red="247" green="247" blue="247"/>
  <color red="246" green="246" blue="246"/>
  <color red="245" green="245" blue="245"/>
  <color red="244" green="244" blue="244"/>
  <color red="243" green="243" blue="243"/>
  <color red="242" green="242" blue="242"/>
  <color red="241" green="241" blue="241"/>
  <color red="240" green="240" blue="240"/>
  <color red="239" green="239" blue="239"/>
  <color red="238" green="238" blue="238"/>
  <color red="237" green="237" blue="237"/>
  <color red="236" green="236" blue="236"/>
  <color red="235" green="235" blue="235"/>
  <color red="234" green="234" blue="234"/>
  <color red="233" green="233" blue="233"/>
  <color red="232" green="232" blue="232"/>
  <color red="231" green="231" blue="231"/>
  <color red="230" green="230" blue="230"/>
  <color red="229" green="229" blue="229"/>
  <color red="228" green="228" blue="228"/>
  <color red="227" green="227" blue="227"/>
  <color red="226" green="226" blue="226"/>
  <color red="225" green="225" blue="225"/>
  <color red="224" green="224" blue="224"/>
  <color red="223" green="223" blue="223"/>
  <color red="222" green="222" blue="222"/>
  <color red="221" green="221" blue="221"/>
  <color red="220" green="220" blue="220"/>
  <color red="219" green="219" blue="219"/>
  <color red="218" green="218" blue="218"/>
  <color red="217" green="217" blue="217"/>
  <color red="216" green="216" blue="216"/>
  <color red="215" green="215" blue="215"/>
  <color red="214" green="214" blue="214"/>
  <color red="213" green="213" blue="213"/>
  <color red="212" green="212" blue="212"/>
  <color red="211" green="211" blue="211"/>
  <color red="210" green="210" blue="210"/>
  <color red="209" green="209" blue="209"/>
  <color red="208" green="208" blue="208"/>
  <color red="207" green="207" blue="207"/>
  <color red="206" green="206" blue="206"/>
  <color red="205" green="205" blue="205"/>
  <color red="204" green="204" blue="204"/>
  <color red="203" green="203" blue="203"/>
  <color red="202" green="202" blue="202"/>
  <color red="201" green="201" blue="201"/>
  <color red="200" green="200" blue="200"/>
  <color red="199" green="199" blue="199"/>
  <color red="198" green="198" blue="198"/>
  <color red="197" green="197" blue="197"/>
  <color red="196" green="196" blue="196"/>
  <color red="195" green="195" blue="195"/>
  <color red="194" green="194" blue="194"/>
  <color red="193" green="193" blue="193"/>
  <color red="192" green="192" blue="192"/>
  <color red="191" green="191" blue="191"/>
  <color red="190" green="190" blue="190"/>
  <color red="189" green="189" blue="189"/>
  <color red="188" green="188" blue="188"/>
  <color red="187" green="187" blue="187"/>
  <color red="186" green="186" blue="186"/>
  <color red="185" green="185" blue="185"/>
  <color red="184" green="184" blue="184"/>
  <color red="183" green="183" blue="183"/>
  <color red="182" green="182" blue="182"/>
  <color red="181" green="181" blue="181"/>
  <color red="180" green="180" blue="180"/>
  <color red="179" green="179" blue="179"/>
  <color red="178" green="178" blue="178"/>
  <color red="177" green="177" blue="177"/>
  <color red="176" green="176" blue="176"/>
  <color red="175" green="175" blue="175"/>
  <color red="174" green="174" blue="174"/>
  <color red="173" green="173" blue="173"/>
  <color red="172" green="172" blue="172"/>
  <color red="171" green="171" blue="171"/>
  <color red="170" green="170" blue="170"/>
  <color red="169" green="169" blue="169"/>
  <color red="168" green="168" blue="168"/>
  <color red="167" green="167" blue="167"/>
  <color red="166" green="166" blue="166"/>
  <color red="165" green="165" blue="165"/>
  <color red="164" green="164" blue="164"/>
  <color red="163" green="163" blue="163"/>
  <color red="162" green="162" blue="162"/>
  <color red="161" green="161" blue="161"/>
  <color red="160" green="160" blue="160"/>
  <color red="159" green="159" blue="159"/>
  <color red="158" green="158" blue="158"/>
  <color red="157" green="157" blue="157"/>
  <color red="156" green="156" blue="156"/>
  <color red="155" green="155" blue="155"/>
  <color red="154" green="154" blue="154"/>
  <color red="153" green="153" blue="153"/>
  <color red="152" green="152" blue="152"/>
  <color red="151" green="151" blue="151"/>
  <color red="150" green="150" blue="150"/>
  <color red="149" green="149" blue="149"/>
  <color red="148" green="148" blue="148"/>
  <color red="147" green="147" blue="147"/>
  <color red="146" green="146" blue="146"/>
  <color red="145" green="145" blue="145"/>
  <color red="144" green="144" blue="144"/>
  <color red="143" green="143" blue="143"/>
  <color red="142" green="142" blue="142"/>
  <color red="141" green="141" blue="141"/>
  <color red="140" green="140" blue="140"/>
  <color red="139" green="139" blue="139"/>
  <color red="138" green="138" blue="138"/>
  <color red="137" green="137" blue="137"/>
  <color red="136" green="136" blue="136"/>
  <color red="135" green="135" blue="135"/>
  <color red="134" green="134" blue="134"/>
  <color red="133" green="133" blue="133"/>
  <color red="132" green="132" blue="132"/>
  <color red="131" green="131" blue="131"/>
  <color red="130" green="130" blue="130"/>
  <color red="129" green="129" blue="129"/>
  <color red="128" green="128" blue="128"/>
  <color red="127" green="127" blue="127"/>
  <color red="126" green="126" blue="126"/>
  <color red="125" green="125" blue="125"/>
  <color red="124" green="124" blue="124"/>
  <color red="123" green="123" blue="123"/>
  <color red="122" green="122" blue="122"/>
  <color red="121" green="121" blue="121"/>
  <color red="120" green="120" blue="120"/>
  <color red="119" green="119" blue="119"/>
  <color red="118" green="118" blue="118"/>
  <color red="117" green="117" blue="117"/>
  <color red="116" green="116" blue="116"/>
  <color red="115" green="115" blue="115"/>
  <color red="114" green="114" blue="114"/>
  <color red="113" green="113" blue="113"/>
  <color red="112" green="112" blue="112"/>
  <color red="111" green="111" blue="111"/>
  <color red="110" green="110" blue="110"/>
  <color red="109" green="109" blue="109"/>
  <color red="108" green="108" blue="108"/>
  <color red="107" green="107" blue="107"/>
  <color red="106" green="106" blue="106"/>
  <color red="105" green="105" blue="105"/>
  <color red="104" green="104" blue="104"/>
  <color red="103" green="103" blue="103"/>
  <color red="102" green="102" blue="102"/>
  <color red="101" green="101" blue="101"/>
  <color red="100" green="100" blue="100"/>
  <color red="99" green="99" blue="99"/>
  <color red="98" green="98" blue="98"/>
  <color red="97" green="97" blue="97"/>
  <color red="96" green="96" blue="96"/>
  <color red="95" green="95" blue="95"/>
  <color red="94" green="94" blue="94"/>
  <color red="93" green="93" blue="93"/>
  <color red="92" green="92" blue="92"/>
  <color red="91" green="91" blue="91"/>
  <color red="90" green="90" blue="90"/>
  <color red="89" green="89" blue="89"/>
  <color red="88" green="88" blue="88"/>
  <color red="87" green="87" blue="87"/>
  <color red="86" green="86" blue="86"/>
  <color red="85" green="85" blue="85"/>
  <color red="84" green="84" blue="84"/>
  <color red="83" green="83" blue="83"/>
  <color red="82" green="82" blue="82"/>
  <color red="81" green="81" blue="81"/>
  <color red="80" green="80" blue="80"/>
  <color red="79" green="79" blue="79"/>
  <color red="78" green="78" blue="78"/>
  <color red="77" green="77" blue="77"/>
  <color red="76" green="76" blue="76"/>
  <color red="75" green="75" blue="75"/>
  <color red="74" green="74" blue="74"/>
  <color red="73" green="73" blue="73"/>
  <color red="72" green="72" blue="72"/>
  <color red="71" green="71" blue="71"/>
  <color red="70" green="70" blue="70"/>
  <color red="69" green="69" blue="69"/>
  <color red="68" green="68" blue="68"/>
  <color red="67" green="67" blue="67"/>
  <color red="66" green="66" blue="66"/>
  <color red="65" green="65" blue="65"/>
  <color red="64" green="64" blue="64"/>
  <color red="63" green="63" blue="63"/>
  <color red="62" green="62" blue="62"/>
  <color red="61" green="61" blue="61"/>
  <color red="60" green="60" blue="60"/>
  <color red="59" green="59" blue="59"/>
  <color red="58" green="58" blue="58"/>
  <color red="57" green="57" blue="57"/>
  <color red="56" green="56" blue="56"/>
  <color red="55" green="55" blue="55"/>
  <color red="54" green="54" blue="54"/>
  <color red="53" green="53" blue="53"/>
  <color red="52" green="52" blue="52"/>
  <color red="51" green="51" blue="51"/>
  <color red="50" green="50" blue="50"/>
  <color red="49" green="49" blue="49"/>
  <color red="48" green="48" blue="48"/>
  <color red="47" green="47" blue="47"/>
  <color red="46" green="46" blue="46"/>
  <color red="45" green="45" blue="45"/>
  <color red="44" green="44" blue="44"/>
  <color red="43" green="43" blue="43"/>
  <color red="42" green="42" blue="42"/>
  <color red="41" green="41" blue="41"/>
  <color red="40" green="40" blue="40"/>
  <color red="39" green="39" blue="39"/>
  <color red="38" green="38" blue="38"/>
  <color red="37" green="37" blue="37"/>
  <color red="36" green="36" blue="36"/>
  <color red="35" green="35" blue="35"/>
  <color red="34" green="34" blue="34"/>
  <color red="33" green="33" blue="33"/>
  <color red="32" green="32" blue="32"/>
  <color red="31" green="31" blue="31"/>
  <color red="30" green="30" blue="30"/>
  <color red="29" green="29" blue="29"/>
  <color red="28" green="28" blue="28"/>
  <color red="27" green="27" blue="27"/>
  <color red="26" green="26" blue="26"/>
  <color red="25" green="25" blue="25"/>
  <color red="24" green="24" blue="24"/>
  <color red="23" green="23" blue="23"/>
  <color red="22" green="22" blue="22"/>
  <color red="21" green="21" blue="21"/>
  <color red="20" green="20" blue="20"/>
  <color red="19" green="19" blue="19"/>
  <color red="18" green="18" blue="18"/>
  <color red="17" green="17" blue="17"/>
  <color red="16" green="16" blue="16"/>
  <color red="15" green="15" blue="15"/>
  <color red="14" green="14" blue="14"/>
  <color red="13" green="13" blue="13"/>
  <color red="12" green="12" blue="12"/>
  <color red="11" green="11" blue="11"/>
  <color red="10" green="10" blue="10"/>
  <color red="9" green="9" blue="9"/>
  <color red="8" green="8" blue="8"/>
  <color red="7" green="7" blue="7"/>
  <color red="6" green="6" blue="6"/>
  <color red="5" green="5" blue="5"/>
  <color red="4" green="4" blue="4"/>
  <color red="3" green="3" blue="3"/>
  <color red="2" green="2" blue="2"/>
  <color red="1" green="1" blue="1"/>
  <color red="0" green="0" blue="0"/>
</colorpalette>
