<?xml version="1.0"?>
<colorpalette>
  <color red="130" green="0" blue="255"/>
  <color red="96" green="0" blue="255"/>
  <color red="58" green="0" blue="255"/>
  <color red="24" green="0" blue="255"/>
  <color red="0" green="14" blue="255"/>
  <color red="0" green="48" blue="255"/>
  <color red="0" green="86" blue="255"/>
  <color red="0" green="120" blue="255"/>
  <color red="0" green="154" blue="255"/>
  <color red="0" green="193" blue="255"/>
  <color red="0" green="227" blue="255"/>
  <color red="0" green="255" blue="244"/>
  <color red="0" green="255" blue="210"/>
  <color red="0" green="255" blue="170"/>
  <color red="0" green="255" blue="137"/>
  <color red="0" green="255" blue="99"/>
  <color red="0" green="255" blue="65"/>
  <color red="0" green="255" blue="31"/>
  <color red="7" green="255" blue="0"/>
  <color red="41" green="255" blue="0"/>
  <color red="79" green="255" blue="0"/>
  <color red="113" green="255" blue="0"/>
  <color red="152" green="255" blue="0"/>
  <color red="186" green="255" blue="0"/>
  <color red="220" green="255" blue="0"/>
  <color red="255" green="251" blue="0"/>
  <color red="255" green="213" blue="0"/>
  <color red="255" green="178" blue="0"/>
  <color red="255" green="144" blue="0"/>
  <color red="255" green="106" blue="0"/>
  <color red="255" green="72" blue="0"/>
  <color red="255" green="34" blue="0"/>
  <color red="0" green="0" blue="0"/>
  <color red="0" green="0" blue="0"/>
  <color red="0" green="0" blue="0"/>
  <color red="0" green="0" blue="0"/>
  <color red="0" green="0" blue="0"/>
  <color red="0" green="0" blue="0"/>
  <color red="0" green="0" blue="0"/>
  <color red="0" green="0" blue="0"/>
  <color red="0" green="0" blue="0"/>
  <color red="0" green="0" blue="0"/>
  <color red="0" green="0" blue="0"/>
  <color red="0" green="0" blue="0"/>
  <color red="0" green="0" blue="0"/>
  <color red="0" green="0" blue="0"/>
  <color red="0" green="0" blue="0"/>
  <color red="0" green="0" blue="0"/>
  <color red="0" green="0" blue="0"/>
  <color red="0" green="0" blue="0"/>
  <color red="0" green="0" blue="0"/>
  <color red="0" green="0" blue="0"/>
  <color red="0" green="0" blue="0"/>
  <color red="0" green="0" blue="0"/>
  <color red="0" green="0" blue="0"/>
  <color red="0" green="0" blue="0"/>
  <color red="0" green="0" blue="0"/>
  <color red="0" green="0" blue="0"/>
  <color red="0" green="0" blue="0"/>
  <color red="0" green="0" blue="0"/>
  <color red="0" green="0" blue="0"/>
  <color red="0" green="0" blue="0"/>
  <color red="0" green="0" blue="0"/>
  <color red="0" green="0" blue="0"/>
  <color red="0" green="0" blue="0"/>
  <color red="0" green="0" blue="0"/>
  <color red="0" green="0" blue="0"/>
  <color red="0" green="0" blue="0"/>
  <color red="0" green="0" blue="0"/>
  <color red="0" green="0" blue="0"/>
  <color red="0" green="0" blue="0"/>
  <color red="0" green="0" blue="0"/>
  <color red="0" green="0" blue="0"/>
  <color red="0" green="0" blue="0"/>
  <color red="0" green="0" blue="0"/>
  <color red="0" green="0" blue="0"/>
  <color red="0" green="0" blue="0"/>
  <color red="0" green="0" blue="0"/>
  <color red="0" green="0" blue="0"/>
  <color red="0" green="0" blue="0"/>
  <color red="0" green="0" blue="0"/>
  <color red="0" green="0" blue="0"/>
  <color red="0" green="0" blue="0"/>
  <color red="0" green="0" blue="0"/>
  <color red="0" green="0" blue="0"/>
  <color red="0" green="0" blue="0"/>
  <color red="0" green="0" blue="0"/>
  <color red="0" green="0" blue="0"/>
  <color red="0" green="0" blue="0"/>
  <color red="0" green="0" blue="0"/>
  <color red="0" green="0" blue="0"/>
  <color red="0" green="0" blue="0"/>
  <color red="0" green="0" blue="0"/>
  <color red="0" green="0" blue="0"/>
  <color red="0" green="0" blue="0"/>
  <color red="0" green="0" blue="0"/>
  <color red="0" green="0" blue="0"/>
  <color red="0" green="0" blue="0"/>
  <color red="0" green="0" blue="0"/>
  <color red="0" green="0" blue="0"/>
  <color red="0" green="0" blue="0"/>
  <color red="0" green="0" blue="0"/>
  <color red="0" green="0" blue="0"/>
  <color red="0" green="0" blue="0"/>
  <color red="0" green="0" blue="0"/>
  <color red="0" green="0" blue="0"/>
  <color red="0" green="0" blue="0"/>
  <color red="0" green="0" blue="0"/>
  <color red="0" green="0" blue="0"/>
  <color red="0" green="0" blue="0"/>
  <color red="0" green="0" blue="0"/>
  <color red="0" green="0" blue="0"/>
  <color red="0" green="0" blue="0"/>
  <color red="0" green="0" blue="0"/>
  <color red="0" green="0" blue="0"/>
  <color red="0" green="0" blue="0"/>
  <color red="0" green="0" blue="0"/>
  <color red="0" green="0" blue="0"/>
  <color red="0" green="0" blue="0"/>
  <color red="0" green="0" blue="0"/>
  <color red="0" green="0" blue="0"/>
  <color red="0" green="0" blue="0"/>
  <color red="0" green="0" blue="0"/>
  <color red="0" green="0" blue="0"/>
  <color red="0" green="0" blue="0"/>
  <color red="0" green="0" blue="0"/>
  <color red="0" green="0" blue="0"/>
  <color red="0" green="0" blue="0"/>
  <color red="0" green="0" blue="0"/>
  <color red="0" green="0" blue="0"/>
  <color red="0" green="0" blue="0"/>
  <color red="0" green="0" blue="0"/>
  <color red="0" green="0" blue="0"/>
  <color red="0" green="0" blue="0"/>
  <color red="0" green="0" blue="0"/>
  <color red="0" green="0" blue="0"/>
  <color red="0" green="0" blue="0"/>
  <color red="0" green="0" blue="0"/>
  <color red="0" green="0" blue="0"/>
  <color red="0" green="0" blue="0"/>
  <color red="0" green="0" blue="0"/>
  <color red="0" green="0" blue="0"/>
  <color red="0" green="0" blue="0"/>
  <color red="0" green="0" blue="0"/>
  <color red="0" green="0" blue="0"/>
  <color red="0" green="0" blue="0"/>
  <color red="0" green="0" blue="0"/>
  <color red="0" green="0" blue="0"/>
  <color red="0" green="0" blue="0"/>
  <color red="0" green="0" blue="0"/>
  <color red="0" green="0" blue="0"/>
  <color red="0" green="0" blue="0"/>
  <color red="0" green="0" blue="0"/>
  <color red="0" green="0" blue="0"/>
  <color red="0" green="0" blue="0"/>
  <color red="0" green="0" blue="0"/>
  <color red="0" green="0" blue="0"/>
  <color red="0" green="0" blue="0"/>
  <color red="0" green="0" blue="0"/>
  <color red="0" green="0" blue="0"/>
  <color red="0" green="0" blue="0"/>
  <color red="0" green="0" blue="0"/>
  <color red="0" green="0" blue="0"/>
  <color red="0" green="0" blue="0"/>
  <color red="0" green="0" blue="0"/>
  <color red="0" green="0" blue="0"/>
  <color red="0" green="0" blue="0"/>
  <color red="0" green="0" blue="0"/>
  <color red="0" green="0" blue="0"/>
  <color red="0" green="0" blue="0"/>
  <color red="0" green="0" blue="0"/>
  <color red="0" green="0" blue="0"/>
  <color red="0" green="0" blue="0"/>
  <color red="0" green="0" blue="0"/>
  <color red="0" green="0" blue="0"/>
  <color red="0" green="0" blue="0"/>
  <color red="0" green="0" blue="0"/>
  <color red="0" green="0" blue="0"/>
  <color red="0" green="0" blue="0"/>
  <color red="0" green="0" blue="0"/>
  <color red="0" green="0" blue="0"/>
  <color red="0" green="0" blue="0"/>
  <color red="0" green="0" blue="0"/>
  <color red="0" green="0" blue="0"/>
  <color red="0" green="0" blue="0"/>
  <color red="0" green="0" blue="0"/>
  <color red="0" green="0" blue="0"/>
  <color red="0" green="0" blue="0"/>
  <color red="0" green="0" blue="0"/>
  <color red="0" green="0" blue="0"/>
  <color red="0" green="0" blue="0"/>
  <color red="0" green="0" blue="0"/>
  <color red="0" green="0" blue="0"/>
  <color red="0" green="0" blue="0"/>
  <color red="0" green="0" blue="0"/>
  <color red="0" green="0" blue="0"/>
  <color red="0" green="0" blue="0"/>
  <color red="0" green="0" blue="0"/>
  <color red="0" green="0" blue="0"/>
  <color red="0" green="0" blue="0"/>
  <color red="0" green="0" blue="0"/>
  <color red="0" green="0" blue="0"/>
  <color red="0" green="0" blue="0"/>
  <color red="0" green="0" blue="0"/>
  <color red="0" green="0" blue="0"/>
  <color red="0" green="0" blue="0"/>
  <color red="0" green="0" blue="0"/>
  <color red="0" green="0" blue="0"/>
  <color red="0" green="0" blue="0"/>
  <color red="0" green="0" blue="0"/>
  <color red="0" green="0" blue="0"/>
  <color red="0" green="0" blue="0"/>
  <color red="0" green="0" blue="0"/>
  <color red="0" green="0" blue="0"/>
  <color red="0" green="0" blue="0"/>
  <color red="0" green="0" blue="0"/>
  <color red="0" green="0" blue="0"/>
  <color red="0" green="0" blue="0"/>
  <color red="0" green="0" blue="0"/>
  <color red="0" green="0" blue="0"/>
  <color red="0" green="0" blue="0"/>
  <color red="0" green="0" blue="0"/>
  <color red="0" green="0" blue="0"/>
  <color red="0" green="0" blue="0"/>
  <color red="0" green="0" blue="0"/>
  <color red="0" green="0" blue="0"/>
  <color red="0" green="0" blue="0"/>
  <color red="0" green="0" blue="0"/>
  <color red="0" green="0" blue="0"/>
  <color red="0" green="0" blue="0"/>
  <color red="0" green="0" blue="0"/>
  <color red="0" green="0" blue="0"/>
  <color red="0" green="0" blue="0"/>
  <color red="0" green="0" blue="0"/>
  <color red="0" green="0" blue="0"/>
  <color red="0" green="0" blue="0"/>
  <color red="0" green="0" blue="0"/>
  <color red="0" green="0" blue="0"/>
  <color red="0" green="0" blue="0"/>
  <color red="0" green="0" blue="0"/>
  <color red="0" green="0" blue="0"/>
  <color red="0" green="0" blue="0"/>
  <color red="0" green="0" blue="0"/>
  <color red="0" green="0" blue="0"/>
  <color red="0" green="0" blue="0"/>
  <color red="0" green="0" blue="0"/>
  <color red="0" green="0" blue="0"/>
  <color red="0" green="0" blue="0"/>
  <color red="0" green="0" blue="0"/>
  <color red="0" green="0" blue="0"/>
  <color red="0" green="0" blue="0"/>
  <color red="0" green="0" blue="0"/>
  <color red="0" green="0" blue="0"/>
  <color red="0" green="0" blue="0"/>
  <color red="0" green="0" blue="0"/>
  <color red="0" green="0" blue="0"/>
</colorpalette>
