<?xml version="1.0"?>
<joapreferences>
  <connectlinewidth>1</connectlinewidth>
  <browsingcursorsize>8</browsingcursorsize>
  <browsingcursorsymbol>4</browsingcursorsymbol>
  <positionformat>1</positionformat>
  <dateformat>yyyy-MMM-dd</dateformat>
  <plottitles>true</plottitles>
  <defaultautoscalecolors>0</defaultautoscalecolors>
  <framecolor red="255" green="255" blue="255"/>
  <contentcolor red="192" green="192" blue="192"/>
  <missingvalcolor red="204" green="204" blue="204"/>
  <decimation>
    <constantdecimation>5.0</constantdecimation>
  </decimation>
  <woceprefs convqc="true" convtemp="true" repleq3="false" repleq4="false" repleq7="false" repleq8="false" replalleq4="false" replgaseq34="false"/>
  <contrastingcolor red="255" green="0" blue="0"/>
  <enhancementprefs replacecurrsymbol="true" enlargecurrsymbol="false" enlargecontrastingsymbolby="0.5" contrastingsymbol="2" usecontrastingcolor="true"/>
  <stylesheet axisvaluefont="Times-Roman" axislabelfont="Times-Roman" isopycnalfont="Times-Roman" plottitlefont="Times-Roman" colorbarfont="Times-Roman" mapvaluefont="Times-Roman" mapstnlabelfont="Times-Roman" contourxsecvaluefont="Serif" contourxseclabelfont="Serif" axisvaluesize="12" axislabelsize="14" isopycnalsize="12" plottitlesize="16" colorbarsize="12" mapvaluesize="12" mapstnlabelsize="9" contourxsecvaluesize="10" contourxseclabelsize="10" axisvaluestyle="0" axislabelstyle="2" isopycnalstyle="0" plottitlestyle="3" colorbarstyle="0" mapvaluestyle="0" mapstnlabelstyle="0" contourxsecvaluestyle="0" contourxseclabelstyle="0">
    <axislabelcolor red="1" green="1" blue="1"/>
    <axisvaluecolor red="1" green="1" blue="1"/>
    <isopycnalcolor red="1" green="1" blue="1"/>
    <plottitlecolor red="1" green="1" blue="1"/>
    <colorbarcolor red="0" green="0" blue="0"/>
    <mapvaluecolor red="0" green="0" blue="0"/>
    <mapstnlabelcolor red="0" green="0" blue="0"/>
    <contourxseclabelcolor red="0" green="0" blue="0"/>
    <contourxsecvaluecolor red="0" green="0" blue="0"/>
  </stylesheet>
  <paramsubprefs defaultsalt="1" saltsub="2" defaulto2="1" o2sub="2"/>
  <builtincalcprefs calcmin="true" calcmax="true" calcdepthofmin="true" calcdepthofmax="true" calcmaxnonmissingdepth="true" calcminnonmissingdepth="true" calcavg="true" calcn="true" applycalcstousercalcs="true"/>
  <databaseprefs dburi="jdbc:mysql://localhost" dbport="3306" dbusername="oz" dbdefaultdir="/Applications/Java OceanAtlas 5.0"/>
  <importprefs convertmass="true" translate="true" tolexicon="1" convertdepth="true"/>
</joapreferences>
