<?xml version="1.0"?>
<joacolorbar>
  <param>Latitude</param>
  <title>Latitude</title>
  <description>Lat 1</description>
  <metadatatype>Latitude</metadatatype>
  <numlevels>16</numlevels>
  <baselevel>0.0</baselevel>
  <endlevel>1.0</endlevel>
  <contourvalues>
    <value>0.0</value>
    <value>0.06666666666666667</value>
    <value>0.13333333333333333</value>
    <value>0.2</value>
    <value>0.26666666666666666</value>
    <value>0.3333333333333333</value>
    <value>0.4</value>
    <value>0.4666666666666667</value>
    <value>0.5333333333333333</value>
    <value>0.6</value>
    <value>0.6666666666666666</value>
    <value>0.7333333333333333</value>
    <value>0.8</value>
    <value>0.8666666666666667</value>
    <value>0.9333333333333333</value>
    <value>1.0</value>
  </contourvalues>
  <colorvalues>
    <cvalue red="255" green="0" blue="0"/>
    <cvalue red="255" green="77" blue="0"/>
    <cvalue red="255" green="153" blue="0"/>
    <cvalue red="255" green="230" blue="0"/>
    <cvalue red="204" green="255" blue="0"/>
    <cvalue red="128" green="255" blue="0"/>
    <cvalue red="51" green="255" blue="0"/>
    <cvalue red="0" green="255" blue="25"/>
    <cvalue red="0" green="255" blue="102"/>
    <cvalue red="0" green="255" blue="178"/>
    <cvalue red="0" green="255" blue="255"/>
    <cvalue red="0" green="178" blue="255"/>
    <cvalue red="0" green="102" blue="255"/>
    <cvalue red="0" green="26" blue="255"/>
    <cvalue red="51" green="0" blue="255"/>
    <cvalue red="128" green="0" blue="255"/>
  </colorvalues>
</joacolorbar>
