<?xml version="1.0"?><joacolorbar>  <param>NO2 </param>  <title>global</title>  <description>32 levels covering World Ocean range</description>  <numlevels>32</numlevels>  <baselevel>0.01</baselevel>  <endlevel>2.75</endlevel>  <contourvalues>    <value>0.01</value>    <value>0.025</value>    <value>0.05</value>    <value>0.1</value>    <value>0.15</value>    <value>0.2</value>    <value>0.25</value>    <value>0.3</value>    <value>0.35</value>    <value>0.4</value>    <value>0.45</value>    <value>0.5</value>    <value>0.55</value>    <value>0.6</value>    <value>0.65</value>    <value>0.7</value>    <value>0.75</value>    <value>0.8</value>    <value>0.85</value>    <value>0.9</value>    <value>0.95</value>    <value>1.0</value>    <value>1.1</value>    <value>1.2</value>    <value>1.3</value>    <value>1.4</value>    <value>1.6</value>    <value>1.8</value>    <value>2.0</value>    <value>2.25</value>    <value>2.5</value>    <value>2.75</value>  </contourvalues>  <colorvalues>    <cvalue red="248" green="251" blue="252"/>    <cvalue red="242" green="247" blue="250"/>    <cvalue red="236" green="244" blue="248"/>    <cvalue red="230" green="240" blue="245"/>    <cvalue red="224" green="237" blue="243"/>    <cvalue red="218" green="233" blue="241"/>    <cvalue red="212" green="229" blue="238"/>    <cvalue red="206" green="226" blue="236"/>    <cvalue red="199" green="222" blue="234"/>    <cvalue red="193" green="219" blue="232"/>    <cvalue red="187" green="215" blue="229"/>    <cvalue red="181" green="211" blue="227"/>    <cvalue red="175" green="208" blue="225"/>    <cvalue red="169" green="204" blue="222"/>    <cvalue red="163" green="201" blue="220"/>    <cvalue red="157" green="197" blue="218"/>    <cvalue red="147" green="182" blue="212"/>    <cvalue red="143" green="171" blue="208"/>    <cvalue red="140" green="159" blue="204"/>    <cvalue red="136" green="148" blue="201"/>    <cvalue red="133" green="136" blue="197"/>    <cvalue red="129" green="125" blue="193"/>    <cvalue red="126" green="114" blue="190"/>    <cvalue red="122" green="102" blue="186"/>    <cvalue red="119" green="91" blue="182"/>    <cvalue red="115" green="79" blue="178"/>    <cvalue red="112" green="68" blue="175"/>    <cvalue red="108" green="57" blue="171"/>    <cvalue red="105" green="45" blue="167"/>    <cvalue red="101" green="34" blue="164"/>    <cvalue red="98" green="22" blue="160"/>    <cvalue red="94" green="11" blue="156"/>  </colorvalues></joacolorbar>