<?xml version="1.0"?><joacolorbar>  <param>NO3 </param>  <title>global</title>  <description>32 levels covering World Ocean range</description>  <numlevels>32</numlevels>  <baselevel>0.2</baselevel>  <endlevel>44.0</endlevel>  <contourvalues>    <value>0.2</value>    <value>0.5</value>    <value>0.8</value>    <value>1.1</value>    <value>1.4</value>    <value>1.7</value>    <value>2.0</value>    <value>2.3</value>    <value>2.6</value>    <value>2.9</value>    <value>3.2</value>    <value>4.0</value>    <value>6.0</value>    <value>8.0</value>    <value>10.0</value>    <value>12.0</value>    <value>14.0</value>    <value>16.0</value>    <value>18.0</value>    <value>20.0</value>    <value>22.0</value>    <value>24.0</value>    <value>26.0</value>    <value>28.0</value>    <value>30.0</value>    <value>32.0</value>    <value>34.0</value>    <value>36.0</value>    <value>38.0</value>    <value>40.0</value>    <value>42.0</value>    <value>44.0</value>  </contourvalues>  <colorvalues>    <cvalue red="15" green="170" blue="54"/>    <cvalue red="30" green="175" blue="67"/>    <cvalue red="45" green="180" blue="79"/>    <cvalue red="60" green="186" blue="92"/>    <cvalue red="75" green="191" blue="104"/>    <cvalue red="90" green="196" blue="117"/>    <cvalue red="105" green="202" blue="129"/>    <cvalue red="120" green="207" blue="142"/>    <cvalue red="135" green="212" blue="154"/>    <cvalue red="150" green="217" blue="167"/>    <cvalue red="165" green="223" blue="179"/>    <cvalue red="180" green="228" blue="192"/>    <cvalue red="195" green="233" blue="204"/>    <cvalue red="210" green="239" blue="217"/>    <cvalue red="225" green="244" blue="229"/>    <cvalue red="240" green="249" blue="242"/>    <cvalue red="247" green="240" blue="252"/>    <cvalue red="239" green="225" blue="249"/>    <cvalue red="231" green="210" blue="246"/>    <cvalue red="223" green="195" blue="243"/>    <cvalue red="215" green="180" blue="240"/>    <cvalue red="207" green="165" blue="237"/>    <cvalue red="199" green="150" blue="234"/>    <cvalue red="191" green="135" blue="231"/>    <cvalue red="184" green="120" blue="228"/>    <cvalue red="176" green="105" blue="225"/>    <cvalue red="168" green="90" blue="222"/>    <cvalue red="160" green="75" blue="219"/>    <cvalue red="152" green="60" blue="216"/>    <cvalue red="144" green="45" blue="213"/>    <cvalue red="136" green="30" blue="210"/>    <cvalue red="128" green="15" blue="207"/>  </colorvalues></joacolorbar>