<?xml version="1.0"?><joacolorbar>  <param>NOPO</param>  <title>global</title>  <description>32 levels covering global range of NO/PO</description>  <numlevels>32</numlevels>  <baselevel>0.65</baselevel>  <endlevel>1.0</endlevel>  <contourvalues>    <value>0.65</value>    <value>0.6612903225806451</value>    <value>0.6725806451612903</value>    <value>0.6838709677419355</value>    <value>0.6951612903225807</value>    <value>0.7064516129032258</value>    <value>0.717741935483871</value>    <value>0.7290322580645161</value>    <value>0.7403225806451613</value>    <value>0.7516129032258064</value>    <value>0.7629032258064516</value>    <value>0.7741935483870968</value>    <value>0.785483870967742</value>    <value>0.7967741935483871</value>    <value>0.8080645161290323</value>    <value>0.8193548387096774</value>    <value>0.8306451612903226</value>    <value>0.8419354838709677</value>    <value>0.853225806451613</value>    <value>0.864516129032258</value>    <value>0.8758064516129033</value>    <value>0.8870967741935484</value>    <value>0.8983870967741936</value>    <value>0.9096774193548387</value>    <value>0.9209677419354838</value>    <value>0.932258064516129</value>    <value>0.9435483870967742</value>    <value>0.9548387096774194</value>    <value>0.9661290322580645</value>    <value>0.9774193548387097</value>    <value>0.9887096774193549</value>    <value>1.0</value>  </contourvalues>  <colorvalues>    <cvalue red="255" green="0" blue="0"/>    <cvalue red="255" green="37" blue="0"/>    <cvalue red="255" green="74" blue="0"/>    <cvalue red="255" green="111" blue="0"/>    <cvalue red="255" green="148" blue="0"/>    <cvalue red="255" green="185" blue="0"/>    <cvalue red="255" green="222" blue="0"/>    <cvalue red="250" green="255" blue="0"/>    <cvalue red="213" green="255" blue="0"/>    <cvalue red="176" green="255" blue="0"/>    <cvalue red="139" green="255" blue="0"/>    <cvalue red="102" green="255" blue="0"/>    <cvalue red="65" green="255" blue="0"/>    <cvalue red="28" green="255" blue="0"/>    <cvalue red="0" green="255" blue="8"/>    <cvalue red="0" green="255" blue="45"/>    <cvalue red="0" green="255" blue="82"/>    <cvalue red="0" green="255" blue="119"/>    <cvalue red="0" green="255" blue="156"/>    <cvalue red="0" green="255" blue="193"/>    <cvalue red="0" green="255" blue="230"/>    <cvalue red="0" green="242" blue="255"/>    <cvalue red="0" green="205" blue="255"/>    <cvalue red="0" green="168" blue="255"/>    <cvalue red="0" green="131" blue="255"/>    <cvalue red="0" green="94" blue="255"/>    <cvalue red="0" green="57" blue="255"/>    <cvalue red="0" green="20" blue="255"/>    <cvalue red="16" green="0" blue="255"/>    <cvalue red="53" green="0" blue="255"/>    <cvalue red="90" green="0" blue="255"/>    <cvalue red="127" green="0" blue="255"/>  </colorvalues></joacolorbar>