<?xml version="1.0"?><joacolorbar>  <param>NUTR</param>  <title>global</title>  <description>32 levels covering global range of NO3/PO4</description>  <numlevels>32</numlevels>  <baselevel>0.5</baselevel>  <endlevel>20.0</endlevel>  <contourvalues>    <value>0.5</value>    <value>1.5</value>    <value>2.5</value>    <value>3.5</value>    <value>4.5</value>    <value>5.5</value>    <value>6.5</value>    <value>7.5</value>    <value>8.5</value>    <value>9.5</value>    <value>10.3</value>    <value>10.8</value>    <value>11.2</value>    <value>11.6</value>    <value>12.0</value>    <value>12.4</value>    <value>12.8</value>    <value>13.2</value>    <value>13.6</value>    <value>14.0</value>    <value>14.4</value>    <value>14.8</value>    <value>15.2</value>    <value>15.6</value>    <value>16.0</value>    <value>16.4</value>    <value>16.8</value>    <value>17.2</value>    <value>17.6</value>    <value>18.0</value>    <value>19.0</value>    <value>20.0</value>  </contourvalues>  <colorvalues>    <cvalue red="255" green="0" blue="0"/>    <cvalue red="255" green="37" blue="0"/>    <cvalue red="255" green="74" blue="0"/>    <cvalue red="255" green="111" blue="0"/>    <cvalue red="255" green="148" blue="0"/>    <cvalue red="255" green="185" blue="0"/>    <cvalue red="255" green="222" blue="0"/>    <cvalue red="250" green="255" blue="0"/>    <cvalue red="213" green="255" blue="0"/>    <cvalue red="176" green="255" blue="0"/>    <cvalue red="139" green="255" blue="0"/>    <cvalue red="102" green="255" blue="0"/>    <cvalue red="65" green="255" blue="0"/>    <cvalue red="28" green="255" blue="0"/>    <cvalue red="0" green="255" blue="8"/>    <cvalue red="0" green="255" blue="45"/>    <cvalue red="0" green="255" blue="82"/>    <cvalue red="0" green="255" blue="119"/>    <cvalue red="0" green="255" blue="156"/>    <cvalue red="0" green="255" blue="193"/>    <cvalue red="0" green="255" blue="230"/>    <cvalue red="0" green="242" blue="255"/>    <cvalue red="0" green="205" blue="255"/>    <cvalue red="0" green="168" blue="255"/>    <cvalue red="0" green="131" blue="255"/>    <cvalue red="0" green="94" blue="255"/>    <cvalue red="0" green="57" blue="255"/>    <cvalue red="0" green="20" blue="255"/>    <cvalue red="16" green="0" blue="255"/>    <cvalue red="53" green="0" blue="255"/>    <cvalue red="90" green="0" blue="255"/>    <cvalue red="127" green="0" blue="255"/>  </colorvalues></joacolorbar>