<?xml version="1.0"?><joacolorbar>  <param>O2  </param>  <title>Arctic</title>  <description>25 colors covering high O2 (Arctic) region range</description>  <numlevels>25</numlevels>  <baselevel>5.8</baselevel>  <endlevel>8.2</endlevel>  <contourvalues>    <value>5.8</value>    <value>5.9</value>    <value>6.0</value>    <value>6.1</value>    <value>6.2</value>    <value>6.3</value>    <value>6.4</value>    <value>6.5</value>    <value>6.6</value>    <value>6.65</value>    <value>6.7</value>    <value>6.75</value>    <value>6.8</value>    <value>6.85</value>    <value>6.9</value>    <value>6.95</value>    <value>7.0</value>    <value>7.05</value>    <value>7.1</value>    <value>7.2</value>    <value>7.3</value>    <value>7.5</value>    <value>7.7</value>    <value>7.9</value>    <value>8.2</value>  </contourvalues>  <colorvalues>    <cvalue red="195" green="195" blue="19"/>    <cvalue red="200" green="200" blue="39"/>    <cvalue red="205" green="205" blue="58"/>    <cvalue red="210" green="210" blue="78"/>    <cvalue red="215" green="215" blue="98"/>    <cvalue red="220" green="220" blue="117"/>    <cvalue red="225" green="225" blue="137"/>    <cvalue red="230" green="230" blue="156"/>    <cvalue red="235" green="235" blue="176"/>    <cvalue red="240" green="240" blue="196"/>    <cvalue red="245" green="245" blue="215"/>    <cvalue red="250" green="250" blue="235"/>    <cvalue red="255" green="255" blue="255"/>    <cvalue red="244" green="235" blue="251"/>    <cvalue red="234" green="215" blue="247"/>    <cvalue red="224" green="196" blue="243"/>    <cvalue red="213" green="176" blue="239"/>    <cvalue red="203" green="156" blue="235"/>    <cvalue red="193" green="137" blue="231"/>    <cvalue red="182" green="117" blue="227"/>    <cvalue red="172" green="98" blue="223"/>    <cvalue red="162" green="78" blue="219"/>    <cvalue red="151" green="58" blue="215"/>    <cvalue red="141" green="39" blue="211"/>    <cvalue red="131" green="19" blue="207"/>  </colorvalues></joacolorbar>