<?xml version="1.0"?><joacolorbar>  <param>O2% </param>  <title>global</title>  <description>32 levels for wide range of oxygen percent saturation</description>  <numlevels>32</numlevels>  <baselevel>4.0</baselevel>  <endlevel>109.0</endlevel>  <contourvalues>    <value>4.0</value>    <value>7.387096774193548</value>    <value>10.774193548387096</value>    <value>14.161290322580646</value>    <value>17.548387096774192</value>    <value>20.935483870967744</value>    <value>24.322580645161292</value>    <value>27.70967741935484</value>    <value>31.096774193548388</value>    <value>34.483870967741936</value>    <value>37.87096774193549</value>    <value>41.25806451612903</value>    <value>44.645161290322584</value>    <value>48.03225806451613</value>    <value>51.41935483870968</value>    <value>54.806451612903224</value>    <value>58.193548387096776</value>    <value>61.58064516129033</value>    <value>64.96774193548387</value>    <value>68.35483870967742</value>    <value>71.74193548387098</value>    <value>75.12903225806451</value>    <value>78.51612903225806</value>    <value>81.90322580645162</value>    <value>85.29032258064517</value>    <value>88.67741935483872</value>    <value>92.06451612903226</value>    <value>95.45161290322581</value>    <value>98.83870967741936</value>    <value>102.22580645161291</value>    <value>105.61290322580645</value>    <value>109.0</value>  </contourvalues>  <colorvalues>    <cvalue red="255" green="0" blue="0"/>    <cvalue red="255" green="37" blue="0"/>    <cvalue red="255" green="74" blue="0"/>    <cvalue red="255" green="111" blue="0"/>    <cvalue red="255" green="148" blue="0"/>    <cvalue red="255" green="185" blue="0"/>    <cvalue red="255" green="222" blue="0"/>    <cvalue red="250" green="255" blue="0"/>    <cvalue red="213" green="255" blue="0"/>    <cvalue red="176" green="255" blue="0"/>    <cvalue red="139" green="255" blue="0"/>    <cvalue red="102" green="255" blue="0"/>    <cvalue red="65" green="255" blue="0"/>    <cvalue red="28" green="255" blue="0"/>    <cvalue red="0" green="255" blue="8"/>    <cvalue red="0" green="255" blue="45"/>    <cvalue red="0" green="255" blue="82"/>    <cvalue red="0" green="255" blue="119"/>    <cvalue red="0" green="255" blue="156"/>    <cvalue red="0" green="255" blue="193"/>    <cvalue red="0" green="255" blue="230"/>    <cvalue red="0" green="242" blue="255"/>    <cvalue red="0" green="205" blue="255"/>    <cvalue red="0" green="168" blue="255"/>    <cvalue red="0" green="131" blue="255"/>    <cvalue red="0" green="94" blue="255"/>    <cvalue red="0" green="57" blue="255"/>    <cvalue red="0" green="20" blue="255"/>    <cvalue red="16" green="0" blue="255"/>    <cvalue red="53" green="0" blue="255"/>    <cvalue red="90" green="0" blue="255"/>    <cvalue red="127" green="0" blue="255"/>  </colorvalues></joacolorbar>