<?xml version="1.0"?><joacolorbar>  <param>O2UM</param>  <title>global</title>  <description>25 levels for O2 in umol/kg (you changeO2  units to O2UM)</description>  <numlevels>25</numlevels>  <baselevel>10.0</baselevel>  <endlevel>354.0</endlevel>  <contourvalues>    <value>10.0</value>    <value>25.0</value>    <value>45.0</value>    <value>60.0</value>    <value>75.0</value>    <value>90.0</value>    <value>105.0</value>    <value>118.0</value>    <value>131.0</value>    <value>144.0</value>    <value>157.0</value>    <value>170.0</value>    <value>183.0</value>    <value>196.0</value>    <value>209.0</value>    <value>222.0</value>    <value>235.0</value>    <value>248.0</value>    <value>261.0</value>    <value>274.0</value>    <value>287.0</value>    <value>300.0</value>    <value>318.0</value>    <value>336.0</value>    <value>354.0</value>  </contourvalues>  <colorvalues>    <cvalue red="195" green="195" blue="19"/>    <cvalue red="200" green="200" blue="39"/>    <cvalue red="205" green="205" blue="58"/>    <cvalue red="210" green="210" blue="78"/>    <cvalue red="215" green="215" blue="98"/>    <cvalue red="220" green="220" blue="117"/>    <cvalue red="225" green="225" blue="137"/>    <cvalue red="230" green="230" blue="156"/>    <cvalue red="235" green="235" blue="176"/>    <cvalue red="240" green="240" blue="196"/>    <cvalue red="245" green="245" blue="215"/>    <cvalue red="250" green="250" blue="235"/>    <cvalue red="255" green="255" blue="255"/>    <cvalue red="244" green="235" blue="251"/>    <cvalue red="234" green="215" blue="247"/>    <cvalue red="224" green="196" blue="243"/>    <cvalue red="213" green="176" blue="239"/>    <cvalue red="203" green="156" blue="235"/>    <cvalue red="193" green="137" blue="231"/>    <cvalue red="182" green="117" blue="227"/>    <cvalue red="172" green="98" blue="223"/>    <cvalue red="162" green="78" blue="219"/>    <cvalue red="151" green="58" blue="215"/>    <cvalue red="141" green="39" blue="211"/>    <cvalue red="131" green="19" blue="207"/>  </colorvalues></joacolorbar>