<?xml version="1.0"?><joacolorbar>  <param>PO  </param>  <title>global</title>  <description>32 levels covering the World Ocean range</description>  <numlevels>32</numlevels>  <baselevel>215.0</baselevel>  <endlevel>715.0</endlevel>  <contourvalues>    <value>215.0</value>    <value>235.0</value>    <value>255.0</value>    <value>275.0</value>    <value>290.0</value>    <value>305.0</value>    <value>320.0</value>    <value>335.0</value>    <value>350.0</value>    <value>365.0</value>    <value>380.0</value>    <value>395.0</value>    <value>410.0</value>    <value>425.0</value>    <value>440.0</value>    <value>455.0</value>    <value>470.0</value>    <value>485.0</value>    <value>500.0</value>    <value>515.0</value>    <value>530.0</value>    <value>545.0</value>    <value>560.0</value>    <value>575.0</value>    <value>590.0</value>    <value>605.0</value>    <value>620.0</value>    <value>635.0</value>    <value>655.0</value>    <value>675.0</value>    <value>695.0</value>    <value>715.0</value>  </contourvalues>  <colorvalues>    <cvalue red="230" green="141" blue="15"/>    <cvalue red="232" green="148" blue="30"/>    <cvalue red="233" green="155" blue="45"/>    <cvalue red="235" green="162" blue="60"/>    <cvalue red="236" green="169" blue="75"/>    <cvalue red="238" green="176" blue="90"/>    <cvalue red="239" green="183" blue="105"/>    <cvalue red="241" green="190" blue="120"/>    <cvalue red="242" green="198" blue="135"/>    <cvalue red="244" green="205" blue="150"/>    <cvalue red="245" green="212" blue="165"/>    <cvalue red="247" green="219" blue="180"/>    <cvalue red="248" green="226" blue="195"/>    <cvalue red="250" green="233" blue="210"/>    <cvalue red="251" green="240" blue="225"/>    <cvalue red="253" green="247" blue="240"/>    <cvalue red="240" green="249" blue="242"/>    <cvalue red="225" green="244" blue="229"/>    <cvalue red="210" green="239" blue="217"/>    <cvalue red="195" green="233" blue="204"/>    <cvalue red="180" green="228" blue="192"/>    <cvalue red="165" green="223" blue="179"/>    <cvalue red="150" green="217" blue="167"/>    <cvalue red="135" green="212" blue="154"/>    <cvalue red="120" green="207" blue="142"/>    <cvalue red="105" green="202" blue="129"/>    <cvalue red="90" green="196" blue="117"/>    <cvalue red="75" green="191" blue="104"/>    <cvalue red="60" green="186" blue="92"/>    <cvalue red="45" green="180" blue="79"/>    <cvalue red="30" green="175" blue="67"/>    <cvalue red="15" green="170" blue="54"/>  </colorvalues></joacolorbar>