<?xml version="1.0"?><joacolorbar>  <param>PO4 </param>  <title>global</title>  <description>33 levels covering World Ocean range</description>  <numlevels>33</numlevels>  <baselevel>0.08</baselevel>  <endlevel>3.28</endlevel>  <contourvalues>    <value>0.08</value>    <value>0.18</value>    <value>0.28</value>    <value>0.38</value>    <value>0.48</value>    <value>0.58</value>    <value>0.68</value>    <value>0.78</value>    <value>0.88</value>    <value>0.98</value>    <value>1.08</value>    <value>1.18</value>    <value>1.28</value>    <value>1.38</value>    <value>1.48</value>    <value>1.58</value>    <value>1.68</value>    <value>1.78</value>    <value>1.88</value>    <value>1.98</value>    <value>2.08</value>    <value>2.18</value>    <value>2.28</value>    <value>2.38</value>    <value>2.48</value>    <value>2.58</value>    <value>2.68</value>    <value>2.78</value>    <value>2.88</value>    <value>2.98</value>    <value>3.08</value>    <value>3.18</value>    <value>3.28</value>  </contourvalues>  <colorvalues>    <cvalue red="230" green="141" blue="15"/>    <cvalue red="232" green="148" blue="30"/>    <cvalue red="233" green="155" blue="45"/>    <cvalue red="235" green="162" blue="60"/>    <cvalue red="236" green="169" blue="75"/>    <cvalue red="238" green="176" blue="90"/>    <cvalue red="239" green="183" blue="105"/>    <cvalue red="241" green="190" blue="120"/>    <cvalue red="242" green="198" blue="135"/>    <cvalue red="244" green="205" blue="150"/>    <cvalue red="245" green="212" blue="165"/>    <cvalue red="247" green="219" blue="180"/>    <cvalue red="248" green="226" blue="195"/>    <cvalue red="250" green="233" blue="210"/>    <cvalue red="251" green="240" blue="225"/>    <cvalue red="253" green="247" blue="240"/>    <cvalue red="255" green="255" blue="255"/>    <cvalue red="240" green="249" blue="242"/>    <cvalue red="225" green="244" blue="229"/>    <cvalue red="210" green="239" blue="217"/>    <cvalue red="195" green="233" blue="204"/>    <cvalue red="180" green="228" blue="192"/>    <cvalue red="165" green="223" blue="179"/>    <cvalue red="150" green="217" blue="167"/>    <cvalue red="135" green="212" blue="154"/>    <cvalue red="120" green="207" blue="142"/>    <cvalue red="105" green="202" blue="129"/>    <cvalue red="90" green="196" blue="117"/>    <cvalue red="75" green="191" blue="104"/>    <cvalue red="60" green="186" blue="92"/>    <cvalue red="45" green="180" blue="79"/>    <cvalue red="30" green="175" blue="67"/>    <cvalue red="15" green="170" blue="54"/>  </colorvalues></joacolorbar>