<?xml version="1.0"?><joainterpsurface>  <param>PRES</param>  <title>0-6000</title>  <description>63 levels from 0 to 6000 decibars</description>  <numlevels>63</numlevels>  <baselevel>0.0</baselevel>  <endlevel>6000.0</endlevel>  <surfvalues>    <value>0.0</value>    <value>5.0</value>    <value>10.0</value>    <value>20.0</value>    <value>35.0</value>    <value>50.0</value>    <value>65.0</value>    <value>80.0</value>    <value>100.0</value>    <value>125.0</value>    <value>150.0</value>    <value>175.0</value>    <value>200.0</value>    <value>225.0</value>    <value>250.0</value>    <value>275.0</value>    <value>300.0</value>    <value>325.0</value>    <value>350.0</value>    <value>375.0</value>    <value>400.0</value>    <value>425.0</value>    <value>450.0</value>    <value>475.0</value>    <value>500.0</value>    <value>550.0</value>    <value>600.0</value>    <value>650.0</value>    <value>700.0</value>    <value>750.0</value>    <value>800.0</value>    <value>850.0</value>    <value>900.0</value>    <value>1000.0</value>    <value>1100.0</value>    <value>1200.0</value>    <value>1300.0</value>    <value>1400.0</value>    <value>1500.0</value>    <value>1600.0</value>    <value>1700.0</value>    <value>1800.0</value>    <value>2000.0</value>    <value>2200.0</value>    <value>2400.0</value>    <value>2600.0</value>    <value>2800.0</value>    <value>3000.0</value>    <value>3200.0</value>    <value>3400.0</value>    <value>3600.0</value>    <value>3800.0</value>    <value>4000.0</value>    <value>4200.0</value>    <value>4400.0</value>    <value>4600.0</value>    <value>4800.0</value>    <value>5000.0</value>    <value>5200.0</value>    <value>5400.0</value>    <value>5600.0</value>    <value>5800.0</value>    <value>6000.0</value>  </surfvalues></joainterpsurface>