<?xml version="1.0"?><joainterpsurface>  <param>PRES</param>  <title>0-6200(deep)</title>  <description>63 levels from 0 to 6200 decibars at 100 db intervals</description>  <numlevels>63</numlevels>  <baselevel>0.0</baselevel>  <endlevel>6200.0</endlevel>  <surfvalues>    <value>0.0</value>    <value>100.0</value>    <value>200.0</value>    <value>300.0</value>    <value>400.0</value>    <value>500.0</value>    <value>600.0</value>    <value>700.0</value>    <value>800.0</value>    <value>900.0</value>    <value>1000.0</value>    <value>1100.0</value>    <value>1200.0</value>    <value>1300.0</value>    <value>1400.0</value>    <value>1500.0</value>    <value>1600.0</value>    <value>1700.0</value>    <value>1800.0</value>    <value>1900.0</value>    <value>2000.0</value>    <value>2100.0</value>    <value>2200.0</value>    <value>2300.0</value>    <value>2400.0</value>    <value>2500.0</value>    <value>2600.0</value>    <value>2700.0</value>    <value>2800.0</value>    <value>2900.0</value>    <value>3000.0</value>    <value>3100.0</value>    <value>3200.0</value>    <value>3300.0</value>    <value>3400.0</value>    <value>3500.0</value>    <value>3600.0</value>    <value>3700.0</value>    <value>3800.0</value>    <value>3900.0</value>    <value>4000.0</value>    <value>4100.0</value>    <value>4200.0</value>    <value>4300.0</value>    <value>4400.0</value>    <value>4500.0</value>    <value>4600.0</value>    <value>4700.0</value>    <value>4800.0</value>    <value>4900.0</value>    <value>5000.0</value>    <value>5100.0</value>    <value>5200.0</value>    <value>5300.0</value>    <value>5400.0</value>    <value>5500.0</value>    <value>5600.0</value>    <value>5700.0</value>    <value>5800.0</value>    <value>5900.0</value>    <value>6000.0</value>    <value>6100.0</value>    <value>6200.0</value>  </surfvalues></joainterpsurface>