<?xml version="1.0"?>
<joacolorbar>
  <param>PRES</param>
  <title>0-4000</title>
  <description>32 levels in upper 4000 decibars (approx. 0-4000 meters)</description>
  <numlevels>32</numlevels>
  <baselevel>0.0</baselevel>
  <endlevel>4000.0</endlevel>
  <contourvalues>
    <value>0.0</value>
    <value>129.03225806451613</value>
    <value>258.06451612903226</value>
    <value>387.0967741935484</value>
    <value>516.1290322580645</value>
    <value>645.1612903225806</value>
    <value>774.1935483870968</value>
    <value>903.2258064516129</value>
    <value>1032.258064516129</value>
    <value>1161.2903225806451</value>
    <value>1290.3225806451612</value>
    <value>1419.3548387096773</value>
    <value>1548.3870967741937</value>
    <value>1677.4193548387098</value>
    <value>1806.4516129032259</value>
    <value>1935.483870967742</value>
    <value>2064.516129032258</value>
    <value>2193.548387096774</value>
    <value>2322.5806451612902</value>
    <value>2451.6129032258063</value>
    <value>2580.6451612903224</value>
    <value>2709.6774193548385</value>
    <value>2838.7096774193546</value>
    <value>2967.7419354838707</value>
    <value>3096.7741935483873</value>
    <value>3225.8064516129034</value>
    <value>3354.8387096774195</value>
    <value>3483.8709677419356</value>
    <value>3612.9032258064517</value>
    <value>3741.935483870968</value>
    <value>3870.967741935484</value>
    <value>4000.0</value>
  </contourvalues>
  <colorvalues>
    <cvalue red="15" green="15" blue="255"/>
    <cvalue red="30" green="30" blue="255"/>
    <cvalue red="45" green="45" blue="255"/>
    <cvalue red="60" green="60" blue="255"/>
    <cvalue red="75" green="75" blue="255"/>
    <cvalue red="90" green="90" blue="255"/>
    <cvalue red="105" green="105" blue="255"/>
    <cvalue red="120" green="120" blue="255"/>
    <cvalue red="135" green="135" blue="255"/>
    <cvalue red="150" green="150" blue="255"/>
    <cvalue red="165" green="165" blue="255"/>
    <cvalue red="180" green="180" blue="255"/>
    <cvalue red="195" green="195" blue="255"/>
    <cvalue red="210" green="210" blue="255"/>
    <cvalue red="225" green="225" blue="255"/>
    <cvalue red="240" green="240" blue="255"/>
    <cvalue red="255" green="240" blue="240"/>
    <cvalue red="255" green="225" blue="225"/>
    <cvalue red="255" green="210" blue="210"/>
    <cvalue red="255" green="195" blue="195"/>
    <cvalue red="255" green="180" blue="180"/>
    <cvalue red="255" green="165" blue="165"/>
    <cvalue red="255" green="150" blue="150"/>
    <cvalue red="255" green="135" blue="135"/>
    <cvalue red="255" green="120" blue="120"/>
    <cvalue red="255" green="105" blue="105"/>
    <cvalue red="255" green="90" blue="90"/>
    <cvalue red="255" green="75" blue="75"/>
    <cvalue red="255" green="60" blue="60"/>
    <cvalue red="255" green="45" blue="45"/>
    <cvalue red="255" green="30" blue="30"/>
    <cvalue red="255" green="15" blue="15"/>
  </colorvalues>
</joacolorbar>
