<?xml version="1.0"?><joainterpsurface>  <param>PRES</param>  <title>0-600(63)</title>  <numlevels>63</numlevels>  <baselevel>0.0</baselevel>  <endlevel>600.0</endlevel>  <surfvalues>    <value>0.0</value>    <value>5.0</value>    <value>10.0</value>    <value>15.0</value>    <value>20.0</value>    <value>30.0</value>    <value>40.0</value>    <value>50.0</value>    <value>60.0</value>    <value>70.0</value>    <value>80.0</value>    <value>90.0</value>    <value>100.0</value>    <value>110.0</value>    <value>120.0</value>    <value>130.0</value>    <value>140.0</value>    <value>150.0</value>    <value>160.0</value>    <value>170.0</value>    <value>180.0</value>    <value>190.0</value>    <value>200.0</value>    <value>210.0</value>    <value>220.0</value>    <value>230.0</value>    <value>240.0</value>    <value>250.0</value>    <value>260.0</value>    <value>270.0</value>    <value>280.0</value>    <value>290.0</value>    <value>300.0</value>    <value>310.0</value>    <value>320.0</value>    <value>330.0</value>    <value>340.0</value>    <value>350.0</value>    <value>360.0</value>    <value>370.0</value>    <value>380.0</value>    <value>390.0</value>    <value>400.0</value>    <value>410.0</value>    <value>420.0</value>    <value>430.0</value>    <value>440.0</value>    <value>450.0</value>    <value>460.0</value>    <value>470.0</value>    <value>480.0</value>    <value>490.0</value>    <value>500.0</value>    <value>510.0</value>    <value>520.0</value>    <value>530.0</value>    <value>540.0</value>    <value>550.0</value>    <value>560.0</value>    <value>570.0</value>    <value>580.0</value>    <value>590.0</value>    <value>600.0</value>  </surfvalues></joainterpsurface>