<?xml version="1.0"?><joainterpsurface>  <param>PRES</param>  <title>0-300</title>  <description>63 levels from 0 to 300 decibars</description>  <numlevels>63</numlevels>  <baselevel>0.0</baselevel>  <endlevel>300.0</endlevel>  <surfvalues>    <value>0.0</value>    <value>2.0</value>    <value>4.0</value>    <value>7.0</value>    <value>10.0</value>    <value>15.0</value>    <value>20.0</value>    <value>25.0</value>    <value>30.0</value>    <value>35.0</value>    <value>40.0</value>    <value>45.0</value>    <value>50.0</value>    <value>55.0</value>    <value>60.0</value>    <value>65.0</value>    <value>70.0</value>    <value>75.0</value>    <value>80.0</value>    <value>85.0</value>    <value>90.0</value>    <value>95.0</value>    <value>100.0</value>    <value>105.0</value>    <value>110.0</value>    <value>115.0</value>    <value>120.0</value>    <value>125.0</value>    <value>130.0</value>    <value>135.0</value>    <value>140.0</value>    <value>145.0</value>    <value>150.0</value>    <value>155.0</value>    <value>160.0</value>    <value>165.0</value>    <value>170.0</value>    <value>175.0</value>    <value>180.0</value>    <value>185.0</value>    <value>190.0</value>    <value>195.0</value>    <value>200.0</value>    <value>205.0</value>    <value>210.0</value>    <value>215.0</value>    <value>220.0</value>    <value>225.0</value>    <value>230.0</value>    <value>235.0</value>    <value>240.0</value>    <value>245.0</value>    <value>250.0</value>    <value>255.0</value>    <value>260.0</value>    <value>265.0</value>    <value>270.0</value>    <value>275.0</value>    <value>280.0</value>    <value>285.0</value>    <value>290.0</value>    <value>295.0</value>    <value>300.0</value>  </surfvalues></joainterpsurface>