<?xml version="1.0"?>
<joacolorbar>
  <param>ROSE</param>
  <title>alaska</title>
  <description>grayscale ocean bathymetry with black land</description>
  <numlevels>22</numlevels>
  <baselevel>-7999.999999999999</baselevel>
  <endlevel>-4.263256414560601E-14</endlevel>
  <contourvalues>
    <value>-7999.999999999999</value>
    <value>-6470.596225815145</value>
    <value>-5229.967254653846</value>
    <value>-4223.587991005779</value>
    <value>-3407.2285105780566</value>
    <value>-2745.0101746512883</value>
    <value>-2207.8287797493117</value>
    <value>-1772.0754407467143</value>
    <value>-1418.5989907915525</value>
    <value>-1131.8642959779822</value>
    <value>-899.2694930702905</value>
    <value>-710.5921431777597</value>
    <value>-557.5399600789133</value>
    <value>-433.3863679033508</value>
    <value>-332.6748710922229</value>
    <value>-250.97924382760607</value>
    <value>-184.70899936211362</value>
    <value>-130.95158971164304</value>
    <value>-87.34440045744793</value>
    <value>-51.970914885593544</value>
    <value>-4.263256414560601E-14</value>
    <value>0.0</value>
  </contourvalues>
  <colorvalues>
    <cvalue red="21" green="21" blue="255"/>
    <cvalue red="43" green="43" blue="255"/>
    <cvalue red="64" green="64" blue="255"/>
    <cvalue red="85" green="85" blue="255"/>
    <cvalue red="106" green="106" blue="255"/>
    <cvalue red="128" green="128" blue="255"/>
    <cvalue red="149" green="149" blue="255"/>
    <cvalue red="170" green="170" blue="255"/>
    <cvalue red="191" green="191" blue="255"/>
    <cvalue red="213" green="213" blue="255"/>
    <cvalue red="234" green="234" blue="255"/>
    <cvalue red="255" green="234" blue="234"/>
    <cvalue red="255" green="213" blue="213"/>
    <cvalue red="255" green="191" blue="191"/>
    <cvalue red="255" green="170" blue="170"/>
    <cvalue red="255" green="149" blue="149"/>
    <cvalue red="255" green="128" blue="128"/>
    <cvalue red="255" green="106" blue="106"/>
    <cvalue red="255" green="85" blue="85"/>
    <cvalue red="255" green="64" blue="64"/>
    <cvalue red="255" green="43" blue="43"/>
    <cvalue red="0" green="0" blue="0"/>
  </colorvalues>
</joacolorbar>
