<?xml version="1.0"?><joacolorbar>  <param>ROSE</param>  <title>grayscale</title>  <description>grayscale ocean bathymetry with black land</description>  <numlevels>22</numlevels>  <baselevel>-8000.0</baselevel>  <endlevel>0.0</endlevel>  <contourvalues>    <value>-8000.0</value>    <value>-7600.0</value>    <value>-7200.0</value>    <value>-6800.0</value>    <value>-6400.0</value>    <value>-6000.0</value>    <value>-5600.0</value>    <value>-5200.0</value>    <value>-4800.0</value>    <value>-4400.0</value>    <value>-4000.0</value>    <value>-3600.0</value>    <value>-3200.0</value>    <value>-2800.0</value>    <value>-2400.0</value>    <value>-2000.0</value>    <value>-1600.0</value>    <value>-1200.0</value>    <value>-800.0</value>    <value>-400.0</value>    <value>-1.0</value>    <value>0.0</value>  </contourvalues>  <colorvalues>    <cvalue red="74" green="74" blue="74"/>    <cvalue red="86" green="86" blue="86"/>    <cvalue red="98" green="98" blue="98"/>    <cvalue red="110" green="110" blue="110"/>    <cvalue red="121" green="121" blue="121"/>    <cvalue red="133" green="133" blue="133"/>    <cvalue red="145" green="145" blue="145"/>    <cvalue red="157" green="157" blue="157"/>    <cvalue red="168" green="168" blue="168"/>    <cvalue red="180" green="180" blue="180"/>    <cvalue red="192" green="192" blue="192"/>    <cvalue red="208" green="208" blue="208"/>    <cvalue red="212" green="212" blue="212"/>    <cvalue red="216" green="216" blue="216"/>    <cvalue red="221" green="221" blue="221"/>    <cvalue red="225" green="225" blue="225"/>    <cvalue red="229" green="229" blue="229"/>    <cvalue red="233" green="233" blue="233"/>    <cvalue red="238" green="238" blue="238"/>    <cvalue red="242" green="242" blue="242"/>    <cvalue red="255" green="255" blue="255"/>    <cvalue red="0" green="0" blue="0"/>  </colorvalues></joacolorbar>