<?xml version="1.0"?><joacolorbar>  <param>ROSE</param>  <title>standard_bathymetry</title>  <description>20 shades of blue bathymetry with black land</description>  <numlevels>22</numlevels>  <baselevel>-8000.0</baselevel>  <endlevel>0.0</endlevel>  <contourvalues>    <value>-8000.0</value>    <value>-7600.0</value>    <value>-7200.0</value>    <value>-6800.0</value>    <value>-6400.0</value>    <value>-6000.0</value>    <value>-5600.0</value>    <value>-5200.0</value>    <value>-4800.0</value>    <value>-4400.0</value>    <value>-4000.0</value>    <value>-3600.0</value>    <value>-3200.0</value>    <value>-2800.0</value>    <value>-2400.0</value>    <value>-2000.0</value>    <value>-1600.0</value>    <value>-1200.0</value>    <value>-800.0</value>    <value>-400.0</value>    <value>-1.0</value>    <value>0.0</value>  </contourvalues>  <colorvalues>    <cvalue red="57" green="57" blue="155"/>    <cvalue red="78" green="78" blue="186"/>    <cvalue red="103" green="103" blue="216"/>    <cvalue red="117" green="117" blue="221"/>    <cvalue red="131" green="131" blue="225"/>    <cvalue red="145" green="145" blue="229"/>    <cvalue red="159" green="159" blue="233"/>    <cvalue red="173" green="173" blue="238"/>    <cvalue red="187" green="187" blue="242"/>    <cvalue red="201" green="201" blue="246"/>    <cvalue red="215" green="215" blue="250"/>    <cvalue red="231" green="231" blue="255"/>    <cvalue red="233" green="233" blue="255"/>    <cvalue red="235" green="235" blue="255"/>    <cvalue red="237" green="237" blue="255"/>    <cvalue red="239" green="239" blue="255"/>    <cvalue red="242" green="242" blue="255"/>    <cvalue red="244" green="244" blue="255"/>    <cvalue red="246" green="246" blue="255"/>    <cvalue red="248" green="248" blue="255"/>    <cvalue red="255" green="255" blue="255"/>    <cvalue red="0" green="0" blue="0"/>  </colorvalues></joacolorbar>