<?xml version="1.0"?><joacolorbar>  <param>ROSE</param>  <title>gray_3500</title>  <description>black land, grey 0-3500 meters, white deep basins</description>  <numlevels>3</numlevels>  <baselevel>-3510.0</baselevel>  <endlevel>500.0</endlevel>  <contourvalues>    <value>-3500.0</value>    <value>-1.0</value>    <value>0.0</value>  </contourvalues>  <colorvalues>    <cvalue red="255" green="255" blue="255"/>    <cvalue red="216" green="216" blue="216"/>    <cvalue red="0" green="0" blue="0"/>  </colorvalues></joacolorbar>