<?xml version="1.0"?><joacolorbar>  <param>ROSE</param>  <title>black_and_white</title>  <description>black land with white sea</description>  <numlevels>4</numlevels>  <baselevel>-20.0</baselevel>  <endlevel>20.0</endlevel>  <contourvalues>    <value>-20.0</value>    <value>-1.0</value>    <value>0.0</value>    <value>20.0</value>  </contourvalues>  <colorvalues>    <cvalue red="255" green="255" blue="255"/>    <cvalue red="255" green="255" blue="255"/>    <cvalue red="0" green="0" blue="0"/>    <cvalue red="0" green="0" blue="0"/>  </colorvalues></joacolorbar>