<?xml version="1.0"?><joacolorbar>  <param>ROSE</param>  <title>map-like</title>  <description>32 levels producing a map-like appearance</description>  <numlevels>32</numlevels>  <baselevel>-8000.0</baselevel>  <endlevel>6000.0</endlevel>  <contourvalues>    <value>-8000.0</value>    <value>-7000.0</value>    <value>-6000.0</value>    <value>-5000.0</value>    <value>-4000.0</value>    <value>-3500.0</value>    <value>-3000.0</value>    <value>-2500.0</value>    <value>-2000.0</value>    <value>-1500.0</value>    <value>-1000.0</value>    <value>-500.0</value>    <value>-300.0</value>    <value>-200.0</value>    <value>-100.0</value>    <value>-50.0</value>    <value>-30.0</value>    <value>-1.0</value>    <value>0.0</value>    <value>40.0</value>    <value>100.0</value>    <value>200.0</value>    <value>400.0</value>    <value>800.0</value>    <value>1200.0</value>    <value>1600.0</value>    <value>2000.0</value>    <value>2500.0</value>    <value>3000.0</value>    <value>4000.0</value>    <value>5000.0</value>    <value>6000.0</value>  </contourvalues>  <colorvalues>    <cvalue red="3" green="69" blue="108"/>    <cvalue red="9" green="84" blue="130"/>    <cvalue red="80" green="160" blue="209"/>    <cvalue red="101" green="171" blue="214"/>    <cvalue red="122" green="183" blue="220"/>    <cvalue red="186" green="217" blue="236"/>    <cvalue red="191" green="220" blue="238"/>    <cvalue red="196" green="223" blue="239"/>    <cvalue red="201" green="226" blue="241"/>    <cvalue red="207" green="229" blue="242"/>    <cvalue red="212" green="231" blue="243"/>    <cvalue red="217" green="234" blue="245"/>    <cvalue red="223" green="237" blue="246"/>    <cvalue red="228" green="240" blue="248"/>    <cvalue red="233" green="243" blue="249"/>    <cvalue red="239" green="246" blue="250"/>    <cvalue red="244" green="249" blue="252"/>    <cvalue red="249" green="252" blue="253"/>    <cvalue red="0" green="169" blue="4"/>    <cvalue red="23" green="175" blue="5"/>    <cvalue red="47" green="185" blue="4"/>    <cvalue red="71" green="191" blue="4"/>    <cvalue red="118" green="204" blue="3"/>    <cvalue red="165" green="217" blue="1"/>    <cvalue red="189" green="224" blue="1"/>    <cvalue red="237" green="237" blue="0"/>    <cvalue red="202" green="202" blue="0"/>    <cvalue red="185" green="185" blue="0"/>    <cvalue red="132" green="132" blue="0"/>    <cvalue red="80" green="80" blue="0"/>    <cvalue red="49" green="49" blue="0"/>    <cvalue red="175" green="173" blue="161"/>  </colorvalues></joacolorbar>