<?xml version="1.0"?><joacolorbar>  <param>SALT</param>  <title>global</title>  <description>32 contours covering World Ocean ranges</description>  <numlevels>32</numlevels>  <baselevel>32.0</baselevel>  <endlevel>36.5</endlevel>  <contourvalues>    <value>32.0</value>    <value>33.0</value>    <value>33.75</value>    <value>34.1</value>    <value>34.4</value>    <value>34.6</value>    <value>34.66</value>    <value>34.67</value>    <value>34.68</value>    <value>34.69</value>    <value>34.7</value>    <value>34.71</value>    <value>34.72</value>    <value>34.74</value>    <value>34.76</value>    <value>34.785</value>    <value>34.81</value>    <value>34.835</value>    <value>34.86</value>    <value>34.87</value>    <value>34.88</value>    <value>34.89</value>    <value>34.9</value>    <value>34.91</value>    <value>34.92</value>    <value>34.94</value>    <value>35.0</value>    <value>35.1</value>    <value>35.4</value>    <value>35.7</value>    <value>36.0</value>    <value>36.5</value>  </contourvalues>  <colorvalues>    <cvalue red="2" green="0" blue="216"/>    <cvalue red="31" green="30" blue="220"/>    <cvalue red="46" green="45" blue="222"/>    <cvalue red="61" green="60" blue="225"/>    <cvalue red="76" green="75" blue="227"/>    <cvalue red="91" green="90" blue="229"/>    <cvalue red="106" green="105" blue="232"/>    <cvalue red="121" green="120" blue="234"/>    <cvalue red="135" green="135" blue="236"/>    <cvalue red="150" green="150" blue="238"/>    <cvalue red="165" green="165" blue="241"/>    <cvalue red="180" green="180" blue="243"/>    <cvalue red="195" green="195" blue="245"/>    <cvalue red="210" green="210" blue="248"/>    <cvalue red="225" green="225" blue="250"/>    <cvalue red="240" green="240" blue="252"/>    <cvalue red="253" green="247" blue="240"/>    <cvalue red="251" green="240" blue="225"/>    <cvalue red="250" green="233" blue="210"/>    <cvalue red="248" green="226" blue="195"/>    <cvalue red="247" green="219" blue="180"/>    <cvalue red="245" green="212" blue="165"/>    <cvalue red="244" green="205" blue="150"/>    <cvalue red="242" green="198" blue="135"/>    <cvalue red="241" green="190" blue="120"/>    <cvalue red="239" green="183" blue="105"/>    <cvalue red="238" green="176" blue="90"/>    <cvalue red="236" green="169" blue="75"/>    <cvalue red="235" green="162" blue="60"/>    <cvalue red="233" green="155" blue="45"/>    <cvalue red="232" green="148" blue="30"/>    <cvalue red="229" green="134" blue="0"/>  </colorvalues></joacolorbar>