<?xml version="1.0"?><joacolorbar>  <param>SB3 </param>  <title>global</title>  <description>32 levels covering expected World Ocean range</description>  <numlevels>32</numlevels>  <baselevel>1.0</baselevel>  <endlevel>300.0</endlevel>  <contourvalues>    <value>1.0</value>    <value>2.0</value>    <value>3.0</value>    <value>4.0</value>    <value>5.0</value>    <value>7.0</value>    <value>9.0</value>    <value>11.0</value>    <value>15.0</value>    <value>20.0</value>    <value>25.0</value>    <value>30.0</value>    <value>35.0</value>    <value>40.0</value>    <value>45.0</value>    <value>50.0</value>    <value>55.0</value>    <value>60.0</value>    <value>70.0</value>    <value>80.0</value>    <value>90.0</value>    <value>100.0</value>    <value>120.0</value>    <value>140.0</value>    <value>160.0</value>    <value>180.0</value>    <value>200.0</value>    <value>220.0</value>    <value>240.0</value>    <value>260.0</value>    <value>280.0</value>    <value>300.0</value>  </contourvalues>  <colorvalues>    <cvalue red="127" green="0" blue="255"/>    <cvalue red="90" green="0" blue="255"/>    <cvalue red="53" green="0" blue="255"/>    <cvalue red="16" green="0" blue="255"/>    <cvalue red="0" green="20" blue="255"/>    <cvalue red="0" green="57" blue="255"/>    <cvalue red="0" green="94" blue="255"/>    <cvalue red="0" green="131" blue="255"/>    <cvalue red="0" green="168" blue="255"/>    <cvalue red="0" green="205" blue="255"/>    <cvalue red="0" green="242" blue="255"/>    <cvalue red="0" green="255" blue="230"/>    <cvalue red="0" green="255" blue="193"/>    <cvalue red="0" green="255" blue="156"/>    <cvalue red="0" green="255" blue="119"/>    <cvalue red="0" green="255" blue="82"/>    <cvalue red="0" green="255" blue="45"/>    <cvalue red="0" green="255" blue="8"/>    <cvalue red="28" green="255" blue="0"/>    <cvalue red="65" green="255" blue="0"/>    <cvalue red="102" green="255" blue="0"/>    <cvalue red="139" green="255" blue="0"/>    <cvalue red="176" green="255" blue="0"/>    <cvalue red="213" green="255" blue="0"/>    <cvalue red="250" green="255" blue="0"/>    <cvalue red="255" green="222" blue="0"/>    <cvalue red="255" green="185" blue="0"/>    <cvalue red="255" green="148" blue="0"/>    <cvalue red="255" green="111" blue="0"/>    <cvalue red="255" green="74" blue="0"/>    <cvalue red="255" green="37" blue="0"/>    <cvalue red="255" green="0" blue="0"/>  </colorvalues></joacolorbar>