<?xml version="1.0"?><joainterpsurface>  <param>SIG0</param>  <title>global</title>  <description>63 levels covering global range of Sigma-0</description>  <numlevels>63</numlevels>  <baselevel>22.0</baselevel>  <endlevel>28.07</endlevel>  <surfvalues>    <value>22.0</value>    <value>22.5</value>    <value>23.0</value>    <value>23.5</value>    <value>24.0</value>    <value>24.2</value>    <value>24.4</value>    <value>24.6</value>    <value>24.8</value>    <value>25.0</value>    <value>25.2</value>    <value>25.4</value>    <value>25.6</value>    <value>25.8</value>    <value>26.0</value>    <value>26.2</value>    <value>26.4</value>    <value>26.6</value>    <value>26.8</value>    <value>26.9</value>    <value>27.0</value>    <value>27.1</value>    <value>27.15</value>    <value>27.2</value>    <value>27.25</value>    <value>27.3</value>    <value>27.35</value>    <value>27.4</value>    <value>27.45</value>    <value>27.5</value>    <value>27.53</value>    <value>27.56</value>    <value>27.58</value>    <value>27.595</value>    <value>27.61</value>    <value>27.625</value>    <value>27.64</value>    <value>27.655</value>    <value>27.67</value>    <value>27.685</value>    <value>27.7</value>    <value>27.715</value>    <value>27.73</value>    <value>27.745</value>    <value>27.76</value>    <value>27.775</value>    <value>27.79</value>    <value>27.805</value>    <value>27.82</value>    <value>27.835</value>    <value>27.85</value>    <value>27.865</value>    <value>27.88</value>    <value>27.895</value>    <value>27.91</value>    <value>27.93</value>    <value>27.95</value>    <value>27.97</value>    <value>27.99</value>    <value>28.01</value>    <value>28.03</value>    <value>28.05</value>    <value>28.07</value>  </surfvalues></joainterpsurface>