<?xml version="1.0"?><joainterpsurface>  <param>SIG0</param>  <title>Arctic.high</title>  <description>63 levels covering Arctic mid-deep water range</description>  <numlevels>63</numlevels>  <baselevel>27.0</baselevel>  <endlevel>28.09</endlevel>  <surfvalues>    <value>27.0</value>    <value>27.1</value>    <value>27.2</value>    <value>27.3</value>    <value>27.4</value>    <value>27.5</value>    <value>27.55</value>    <value>27.6</value>    <value>27.65</value>    <value>27.7</value>    <value>27.73</value>    <value>27.75</value>    <value>27.76</value>    <value>27.77</value>    <value>27.78</value>    <value>27.79</value>    <value>27.8</value>    <value>27.81</value>    <value>27.82</value>    <value>27.83</value>    <value>27.84</value>    <value>27.85</value>    <value>27.86</value>    <value>27.87</value>    <value>27.88</value>    <value>27.89</value>    <value>27.9</value>    <value>27.91</value>    <value>27.92</value>    <value>27.925</value>    <value>27.93</value>    <value>27.935</value>    <value>27.94</value>    <value>27.945</value>    <value>27.95</value>    <value>27.955</value>    <value>27.96</value>    <value>27.965</value>    <value>27.97</value>    <value>27.975</value>    <value>27.98</value>    <value>27.985</value>    <value>27.99</value>    <value>27.995</value>    <value>28.0</value>    <value>28.005</value>    <value>28.01</value>    <value>28.015</value>    <value>28.02</value>    <value>28.025</value>    <value>28.03</value>    <value>28.035</value>    <value>28.04</value>    <value>28.045</value>    <value>28.05</value>    <value>28.055</value>    <value>28.06</value>    <value>28.065</value>    <value>28.07</value>    <value>28.075</value>    <value>28.08</value>    <value>28.085</value>    <value>28.09</value>  </surfvalues></joainterpsurface>