<?xml version="1.0"?><joainterpsurface>  <param>SIG1</param>  <title>global</title>  <description>63 levels covering global range of Sigma-1</description>  <numlevels>63</numlevels>  <baselevel>27.0</baselevel>  <endlevel>32.8</endlevel>  <surfvalues>    <value>27.0</value>    <value>29.0</value>    <value>31.0</value>    <value>31.05</value>    <value>31.1</value>    <value>31.15</value>    <value>31.2</value>    <value>31.25</value>    <value>31.3</value>    <value>31.35</value>    <value>31.4</value>    <value>31.45</value>    <value>31.5</value>    <value>31.55</value>    <value>31.6</value>    <value>31.625</value>    <value>31.65</value>    <value>31.675</value>    <value>31.7</value>    <value>31.725</value>    <value>31.75</value>    <value>31.775</value>    <value>31.8</value>    <value>31.825</value>    <value>31.85</value>    <value>31.875</value>    <value>31.9</value>    <value>31.925</value>    <value>31.95</value>    <value>31.975</value>    <value>32.0</value>    <value>32.025</value>    <value>32.05</value>    <value>32.075</value>    <value>32.1</value>    <value>32.125</value>    <value>32.15</value>    <value>32.175</value>    <value>32.2</value>    <value>32.225</value>    <value>32.25</value>    <value>32.275</value>    <value>32.3</value>    <value>32.325</value>    <value>32.35</value>    <value>32.375</value>    <value>32.4</value>    <value>32.425</value>    <value>32.45</value>    <value>32.475</value>    <value>32.5</value>    <value>32.525</value>    <value>32.55</value>    <value>32.575</value>    <value>32.6</value>    <value>32.625</value>    <value>32.65</value>    <value>32.675</value>    <value>32.7</value>    <value>32.725</value>    <value>32.75</value>    <value>32.775</value>    <value>32.8</value>  </surfvalues></joainterpsurface>