<?xml version="1.0"?><joainterpsurface>  <param>SIG2</param>  <title>global</title>  <description>63 levels covering global range of Sigma-2</description>  <numlevels>63</numlevels>  <baselevel>32.0</baselevel>  <endlevel>37.46</endlevel>  <surfvalues>    <value>32.0</value>    <value>33.5</value>    <value>34.5</value>    <value>35.0</value>    <value>35.2</value>    <value>35.4</value>    <value>35.5</value>    <value>35.6</value>    <value>35.7</value>    <value>35.8</value>    <value>35.85</value>    <value>35.9</value>    <value>35.95</value>    <value>36.0</value>    <value>36.05</value>    <value>36.1</value>    <value>36.15</value>    <value>36.2</value>    <value>36.25</value>    <value>36.3</value>    <value>36.35</value>    <value>36.4</value>    <value>36.45</value>    <value>36.5</value>    <value>36.525</value>    <value>36.55</value>    <value>36.575</value>    <value>36.6</value>    <value>36.625</value>    <value>36.65</value>    <value>36.675</value>    <value>36.7</value>    <value>36.725</value>    <value>36.75</value>    <value>36.775</value>    <value>36.8</value>    <value>36.825</value>    <value>36.85</value>    <value>36.875</value>    <value>36.9</value>    <value>36.925</value>    <value>36.95</value>    <value>36.975</value>    <value>37.0</value>    <value>37.025</value>    <value>37.05</value>    <value>37.075</value>    <value>37.1</value>    <value>37.125</value>    <value>37.15</value>    <value>37.175</value>    <value>37.2</value>    <value>37.225</value>    <value>37.25</value>    <value>37.275</value>    <value>37.3</value>    <value>37.325</value>    <value>37.35</value>    <value>37.375</value>    <value>37.4</value>    <value>37.425</value>    <value>37.45</value>    <value>37.46</value>  </surfvalues></joainterpsurface>