<?xml version="1.0"?><joainterpsurface>  <param>SIG3</param>  <title>global</title>  <description>63 levels covering World Ocean range of Sigma-3</description>  <numlevels>63</numlevels>  <baselevel>35.0</baselevel>  <endlevel>42.0</endlevel>  <surfvalues>    <value>35.0</value>    <value>37.0</value>    <value>39.0</value>    <value>40.0</value>    <value>40.25</value>    <value>40.4</value>    <value>40.5</value>    <value>40.6</value>    <value>40.7</value>    <value>40.8</value>    <value>40.9</value>    <value>41.0</value>    <value>41.05</value>    <value>41.1</value>    <value>41.15</value>    <value>41.175</value>    <value>41.2</value>    <value>41.215</value>    <value>41.23</value>    <value>41.245</value>    <value>41.26</value>    <value>41.275</value>    <value>41.29</value>    <value>41.305</value>    <value>41.32</value>    <value>41.335</value>    <value>41.35</value>    <value>41.365</value>    <value>41.38</value>    <value>41.395</value>    <value>41.41</value>    <value>41.425</value>    <value>41.44</value>    <value>41.455</value>    <value>41.47</value>    <value>41.485</value>    <value>41.5</value>    <value>41.515</value>    <value>41.53</value>    <value>41.545</value>    <value>41.56</value>    <value>41.575</value>    <value>41.59</value>    <value>41.605</value>    <value>41.62</value>    <value>41.635</value>    <value>41.65</value>    <value>41.665</value>    <value>41.68</value>    <value>41.695</value>    <value>41.71</value>    <value>41.74</value>    <value>41.8</value>    <value>41.85</value>    <value>41.9</value>    <value>41.92</value>    <value>41.94</value>    <value>41.95</value>    <value>41.96</value>    <value>41.97</value>    <value>41.98</value>    <value>41.99</value>    <value>42.0</value>  </surfvalues></joainterpsurface>