<?xml version="1.0"?><joainterpsurface>  <param>SIG4</param>  <title>global</title>  <description>63 levels covering World Ocean range of Sigma-4</description>  <numlevels>63</numlevels>  <baselevel>40.0</baselevel>  <endlevel>46.43</endlevel>  <surfvalues>    <value>40.0</value>    <value>42.0</value>    <value>44.0</value>    <value>44.5</value>    <value>44.75</value>    <value>45.0</value>    <value>45.25</value>    <value>45.4</value>    <value>45.45</value>    <value>45.5</value>    <value>45.515</value>    <value>45.53</value>    <value>45.545</value>    <value>45.56</value>    <value>45.575</value>    <value>45.59</value>    <value>45.605</value>    <value>45.62</value>    <value>45.635</value>    <value>45.65</value>    <value>45.665</value>    <value>45.68</value>    <value>45.695</value>    <value>45.71</value>    <value>45.725</value>    <value>45.74</value>    <value>45.755</value>    <value>45.77</value>    <value>45.785</value>    <value>45.8</value>    <value>45.815</value>    <value>45.83</value>    <value>45.845</value>    <value>45.86</value>    <value>45.875</value>    <value>45.89</value>    <value>45.905</value>    <value>45.92</value>    <value>45.935</value>    <value>45.95</value>    <value>45.965</value>    <value>45.98</value>    <value>45.995</value>    <value>46.01</value>    <value>46.025</value>    <value>46.04</value>    <value>46.055</value>    <value>46.07</value>    <value>46.085</value>    <value>46.1</value>    <value>46.115</value>    <value>46.13</value>    <value>46.15</value>    <value>46.2</value>    <value>46.25</value>    <value>46.3</value>    <value>46.34</value>    <value>46.355</value>    <value>46.37</value>    <value>46.385</value>    <value>46.4</value>    <value>46.415</value>    <value>46.43</value>  </surfvalues></joainterpsurface>