<?xml version="1.0"?><joacolorbar>  <param>SIG4</param>  <title>global</title>  <description>32 levels covering World Ocean deep range</description>  <numlevels>32</numlevels>  <baselevel>41.0</baselevel>  <endlevel>46.4</endlevel>  <contourvalues>    <value>41.0</value>    <value>43.0</value>    <value>44.0</value>    <value>45.0</value>    <value>45.3</value>    <value>45.5</value>    <value>45.55</value>    <value>45.6</value>    <value>45.65</value>    <value>45.7</value>    <value>45.73</value>    <value>45.76</value>    <value>45.79</value>    <value>45.82</value>    <value>45.85</value>    <value>45.88</value>    <value>45.91</value>    <value>45.94</value>    <value>45.97</value>    <value>46.0</value>    <value>46.03</value>    <value>46.06</value>    <value>46.09</value>    <value>46.12</value>    <value>46.15</value>    <value>46.18</value>    <value>46.21</value>    <value>46.25</value>    <value>46.29</value>    <value>46.33</value>    <value>46.37</value>    <value>46.4</value>  </contourvalues>  <colorvalues>    <cvalue red="218" green="15" blue="15"/>    <cvalue red="220" green="30" blue="30"/>    <cvalue red="222" green="45" blue="45"/>    <cvalue red="225" green="60" blue="60"/>    <cvalue red="227" green="75" blue="75"/>    <cvalue red="229" green="90" blue="90"/>    <cvalue red="232" green="105" blue="105"/>    <cvalue red="234" green="120" blue="120"/>    <cvalue red="236" green="135" blue="135"/>    <cvalue red="238" green="150" blue="150"/>    <cvalue red="241" green="165" blue="165"/>    <cvalue red="243" green="180" blue="180"/>    <cvalue red="245" green="195" blue="195"/>    <cvalue red="248" green="210" blue="210"/>    <cvalue red="250" green="225" blue="225"/>    <cvalue red="252" green="240" blue="240"/>    <cvalue red="240" green="249" blue="242"/>    <cvalue red="225" green="244" blue="229"/>    <cvalue red="210" green="239" blue="217"/>    <cvalue red="195" green="233" blue="204"/>    <cvalue red="180" green="228" blue="192"/>    <cvalue red="165" green="223" blue="179"/>    <cvalue red="150" green="217" blue="167"/>    <cvalue red="135" green="212" blue="154"/>    <cvalue red="120" green="207" blue="142"/>    <cvalue red="105" green="202" blue="129"/>    <cvalue red="90" green="196" blue="117"/>    <cvalue red="75" green="191" blue="104"/>    <cvalue red="60" green="186" blue="92"/>    <cvalue red="45" green="180" blue="79"/>    <cvalue red="30" green="175" blue="67"/>    <cvalue red="15" green="170" blue="54"/>  </colorvalues></joacolorbar>