<?xml version="1.0"?><joacolorbar>  <param>SIO3</param>  <title>global</title>  <description>32 levels covering World Ocean range</description>  <numlevels>32</numlevels>  <baselevel>0.5</baselevel>  <endlevel>190.0</endlevel>  <contourvalues>    <value>0.5</value>    <value>1.0</value>    <value>2.0</value>    <value>3.0</value>    <value>4.0</value>    <value>5.0</value>    <value>6.0</value>    <value>7.0</value>    <value>8.0</value>    <value>9.0</value>    <value>10.0</value>    <value>11.0</value>    <value>12.0</value>    <value>13.0</value>    <value>20.0</value>    <value>30.0</value>    <value>40.0</value>    <value>50.0</value>    <value>60.0</value>    <value>70.0</value>    <value>80.0</value>    <value>90.0</value>    <value>100.0</value>    <value>110.0</value>    <value>120.0</value>    <value>130.0</value>    <value>140.0</value>    <value>150.0</value>    <value>160.0</value>    <value>170.0</value>    <value>180.0</value>    <value>190.0</value>  </contourvalues>  <colorvalues>    <cvalue red="193" green="194" blue="15"/>    <cvalue red="197" green="198" blue="30"/>    <cvalue red="201" green="202" blue="45"/>    <cvalue red="205" green="206" blue="60"/>    <cvalue red="209" green="209" blue="75"/>    <cvalue red="212" green="213" blue="90"/>    <cvalue red="216" green="217" blue="105"/>    <cvalue red="220" green="221" blue="120"/>    <cvalue red="224" green="224" blue="135"/>    <cvalue red="228" green="228" blue="150"/>    <cvalue red="232" green="232" blue="165"/>    <cvalue red="235" green="236" blue="180"/>    <cvalue red="239" green="239" blue="195"/>    <cvalue red="243" green="243" blue="210"/>    <cvalue red="247" green="247" blue="225"/>    <cvalue red="251" green="251" blue="240"/>    <cvalue red="252" green="240" blue="240"/>    <cvalue red="250" green="225" blue="225"/>    <cvalue red="248" green="210" blue="210"/>    <cvalue red="245" green="195" blue="195"/>    <cvalue red="243" green="180" blue="180"/>    <cvalue red="241" green="165" blue="165"/>    <cvalue red="238" green="150" blue="150"/>    <cvalue red="236" green="135" blue="135"/>    <cvalue red="234" green="120" blue="120"/>    <cvalue red="232" green="105" blue="105"/>    <cvalue red="229" green="90" blue="90"/>    <cvalue red="227" green="75" blue="75"/>    <cvalue red="225" green="60" blue="60"/>    <cvalue red="222" green="45" blue="45"/>    <cvalue red="220" green="30" blue="30"/>    <cvalue red="218" green="15" blue="15"/>  </colorvalues></joacolorbar>