<?xml version="1.0"?><joacolorbar>  <param>SPCY</param>  <title>global</title>  <description>32 levels covering expected World Ocean range</description>  <numlevels>32</numlevels>  <baselevel>21.0</baselevel>  <endlevel>30.5</endlevel>  <contourvalues>    <value>21.0</value>    <value>23.0</value>    <value>25.0</value>    <value>27.0</value>    <value>27.08</value>    <value>27.16</value>    <value>27.24</value>    <value>27.32</value>    <value>27.4</value>    <value>27.48</value>    <value>27.56</value>    <value>27.64</value>    <value>27.72</value>    <value>27.8</value>    <value>27.88</value>    <value>27.96</value>    <value>28.04</value>    <value>28.12</value>    <value>28.2</value>    <value>28.28</value>    <value>28.36</value>    <value>28.44</value>    <value>28.52</value>    <value>28.6</value>    <value>28.68</value>    <value>28.76</value>    <value>28.84</value>    <value>28.92</value>    <value>29.0</value>    <value>29.5</value>    <value>30.0</value>    <value>30.5</value>  </contourvalues>  <colorvalues>    <cvalue red="127" green="0" blue="255"/>    <cvalue red="90" green="0" blue="255"/>    <cvalue red="53" green="0" blue="255"/>    <cvalue red="16" green="0" blue="255"/>    <cvalue red="0" green="20" blue="255"/>    <cvalue red="0" green="57" blue="255"/>    <cvalue red="0" green="94" blue="255"/>    <cvalue red="0" green="131" blue="255"/>    <cvalue red="0" green="168" blue="255"/>    <cvalue red="0" green="205" blue="255"/>    <cvalue red="0" green="242" blue="255"/>    <cvalue red="0" green="255" blue="230"/>    <cvalue red="0" green="255" blue="193"/>    <cvalue red="0" green="255" blue="156"/>    <cvalue red="0" green="255" blue="119"/>    <cvalue red="0" green="255" blue="82"/>    <cvalue red="0" green="255" blue="45"/>    <cvalue red="0" green="255" blue="8"/>    <cvalue red="28" green="255" blue="0"/>    <cvalue red="65" green="255" blue="0"/>    <cvalue red="102" green="255" blue="0"/>    <cvalue red="139" green="255" blue="0"/>    <cvalue red="176" green="255" blue="0"/>    <cvalue red="213" green="255" blue="0"/>    <cvalue red="250" green="255" blue="0"/>    <cvalue red="255" green="222" blue="0"/>    <cvalue red="255" green="185" blue="0"/>    <cvalue red="255" green="148" blue="0"/>    <cvalue red="255" green="111" blue="0"/>    <cvalue red="255" green="74" blue="0"/>    <cvalue red="255" green="37" blue="0"/>    <cvalue red="255" green="0" blue="0"/>  </colorvalues></joacolorbar>