<?xml version="1.0"?><joacolorbar>  <param>SVEL</param>  <title>global</title>  <description>38 levels evenly covering World Ocean range</description>  <numlevels>38</numlevels>  <baselevel>1440.0</baselevel>  <endlevel>1551.0</endlevel>  <contourvalues>    <value>1440.0</value>    <value>1443.0</value>    <value>1446.0</value>    <value>1449.0</value>    <value>1452.0</value>    <value>1455.0</value>    <value>1458.0</value>    <value>1461.0</value>    <value>1464.0</value>    <value>1467.0</value>    <value>1470.0</value>    <value>1473.0</value>    <value>1476.0</value>    <value>1479.0</value>    <value>1482.0</value>    <value>1485.0</value>    <value>1488.0</value>    <value>1491.0</value>    <value>1494.0</value>    <value>1497.0</value>    <value>1500.0</value>    <value>1503.0</value>    <value>1506.0</value>    <value>1509.0</value>    <value>1512.0</value>    <value>1515.0</value>    <value>1518.0</value>    <value>1521.0</value>    <value>1524.0</value>    <value>1527.0</value>    <value>1530.0</value>    <value>1533.0</value>    <value>1536.0</value>    <value>1539.0</value>    <value>1542.0</value>    <value>1545.0</value>    <value>1548.0</value>    <value>1551.0</value>  </contourvalues>  <colorvalues>    <cvalue red="14" green="12" blue="217"/>    <cvalue red="27" green="25" blue="219"/>    <cvalue red="39" green="38" blue="221"/>    <cvalue red="52" green="51" blue="223"/>    <cvalue red="65" green="63" blue="225"/>    <cvalue red="77" green="76" blue="227"/>    <cvalue red="90" green="89" blue="229"/>    <cvalue red="103" green="102" blue="231"/>    <cvalue red="115" green="114" blue="233"/>    <cvalue red="128" green="127" blue="235"/>    <cvalue red="141" green="140" blue="237"/>    <cvalue red="153" green="153" blue="239"/>    <cvalue red="166" green="165" blue="241"/>    <cvalue red="179" green="178" blue="243"/>    <cvalue red="191" green="191" blue="245"/>    <cvalue red="204" green="204" blue="247"/>    <cvalue red="217" green="216" blue="249"/>    <cvalue red="229" green="229" blue="251"/>    <cvalue red="242" green="242" blue="253"/>    <cvalue red="253" green="242" blue="242"/>    <cvalue red="251" green="229" blue="229"/>    <cvalue red="249" green="216" blue="216"/>    <cvalue red="247" green="204" blue="204"/>    <cvalue red="245" green="191" blue="191"/>    <cvalue red="243" green="178" blue="178"/>    <cvalue red="241" green="165" blue="165"/>    <cvalue red="239" green="153" blue="153"/>    <cvalue red="237" green="140" blue="140"/>    <cvalue red="235" green="127" blue="127"/>    <cvalue red="233" green="114" blue="114"/>    <cvalue red="231" green="102" blue="102"/>    <cvalue red="229" green="89" blue="89"/>    <cvalue red="227" green="76" blue="76"/>    <cvalue red="225" green="63" blue="63"/>    <cvalue red="223" green="51" blue="51"/>    <cvalue red="221" green="38" blue="38"/>    <cvalue red="219" green="25" blue="25"/>    <cvalue red="217" green="12" blue="12"/>  </colorvalues></joacolorbar>