<?xml version="1.0"?><joainterpsurface>  <param>THTA</param>  <title>global</title>  <description>63 levels covering World Ocean range</description>  <numlevels>63</numlevels>  <baselevel>-1.8</baselevel>  <endlevel>30.0</endlevel>  <surfvalues>    <value>-1.8</value>    <value>-1.6</value>    <value>-1.4</value>    <value>-1.2</value>    <value>-1.0</value>    <value>-0.8</value>    <value>-0.6</value>    <value>-0.4</value>    <value>-0.2</value>    <value>0.0</value>    <value>0.2</value>    <value>0.4</value>    <value>0.6</value>    <value>0.8</value>    <value>1.0</value>    <value>1.2</value>    <value>1.4</value>    <value>1.6</value>    <value>1.8</value>    <value>2.0</value>    <value>2.2</value>    <value>2.4</value>    <value>2.6</value>    <value>2.8</value>    <value>3.0</value>    <value>3.2</value>    <value>3.4</value>    <value>3.6</value>    <value>3.8</value>    <value>4.0</value>    <value>4.2</value>    <value>4.4</value>    <value>4.6</value>    <value>4.8</value>    <value>5.0</value>    <value>5.2</value>    <value>5.4</value>    <value>5.6</value>    <value>5.8</value>    <value>6.0</value>    <value>6.2</value>    <value>6.4</value>    <value>6.6</value>    <value>6.8</value>    <value>7.0</value>    <value>7.5</value>    <value>8.0</value>    <value>8.5</value>    <value>9.0</value>    <value>9.5</value>    <value>10.0</value>    <value>11.0</value>    <value>12.0</value>    <value>13.0</value>    <value>14.0</value>    <value>16.0</value>    <value>18.0</value>    <value>20.0</value>    <value>22.0</value>    <value>24.0</value>    <value>26.0</value>    <value>28.0</value>    <value>30.0</value>  </surfvalues></joainterpsurface>